{
"skeleton": {
	"hash": "yykFVOaOaXZAgEUv6Qms7DFCqW8",
	"spine": "3.8.99",
	"x": -109.86,
	"y": 8.82,
	"width": 212.73,
	"height": 527.81,
	"images": "",
	"audio": "D:/Работа/ЗВЕЗДНЫЙ ГЕМБЛИНГ/mages"
},
"bones": [
	{ "name": "root" },
	{ "name": "cntrl_bone", "parent": "root", "rotation": 90 },
	{
		"name": "ship",
		"parent": "cntrl_bone",
		"length": 427.58,
		"rotation": 0.07,
		"x": 101.4,
		"y": -0.33,
		"color": "941dc6ff"
	},
	{
		"name": "wing3",
		"parent": "ship",
		"length": 112.53,
		"rotation": 178.59,
		"x": 52.43,
		"y": 95.59,
		"color": "49ba49ff"
	},
	{
		"name": "wing2",
		"parent": "ship",
		"length": 109.65,
		"rotation": -177.67,
		"x": 50.55,
		"y": -96.62,
		"color": "49ba49ff"
	},
	{
		"name": "ship3",
		"parent": "ship",
		"length": 367.39,
		"rotation": -0.01,
		"x": 26.69,
		"y": 0.1,
		"color": "dbb900ff"
	},
	{
		"name": "wing",
		"parent": "ship",
		"length": 116.68,
		"rotation": 179.52,
		"x": 58.11,
		"y": -0.43,
		"color": "49ba49ff"
	},
	{
		"name": "engine",
		"parent": "ship",
		"length": 18.47,
		"rotation": 179.93,
		"x": 3.14,
		"y": -0.08,
		"color": "b82121ff"
	},
	{
		"name": "engine2",
		"parent": "engine",
		"length": 34.73,
		"rotation": 0.5,
		"x": 33.69,
		"y": -27.77,
		"color": "b82121ff"
	},
	{
		"name": "engine3",
		"parent": "engine",
		"length": 34.73,
		"rotation": 0.5,
		"x": 33.69,
		"y": 0.16,
		"color": "b82121ff"
	},
	{
		"name": "engine4",
		"parent": "engine",
		"length": 34.73,
		"rotation": 0.5,
		"x": 33.69,
		"y": 25.98,
		"color": "b82121ff"
	},
	{
		"name": "wing4",
		"parent": "ship",
		"length": 116.68,
		"rotation": 179.52,
		"x": 58.11,
		"y": -0.43,
		"color": "49ba49ff"
	},
	{
		"name": "ship2",
		"parent": "ship",
		"length": 83.43,
		"rotation": 9.6,
		"x": 17.75,
		"y": 38.76,
		"color": "941dc6ff"
	},
	{
		"name": "ship4",
		"parent": "ship",
		"length": 89.03,
		"rotation": -10.22,
		"x": 14.58,
		"y": -36.53,
		"color": "941dc6ff"
	},
	{
		"name": "engine5",
		"parent": "engine",
		"length": 20.02,
		"rotation": -90.4,
		"x": 23.54,
		"y": 9.09,
		"color": "b82121ff"
	}
],
"slots": [
	{ "name": "flame3", "bone": "engine2", "attachment": "flame3" },
	{ "name": "flame2", "bone": "engine3", "attachment": "flame2" },
	{ "name": "flame1", "bone": "engine4", "attachment": "flame1" },
	{ "name": "engine", "bone": "engine", "attachment": "engine" },
	{ "name": "wing_l", "bone": "wing3", "attachment": "wing_l" },
	{ "name": "wing_r", "bone": "wing2", "attachment": "wing_r" },
	{ "name": "body", "bone": "root", "attachment": "body" },
	{ "name": "wing_m", "bone": "root", "attachment": "wing_m" }
],
"skins": [
	{
		"name": "default",
		"attachments": {
			"body": {
				"body": { "x": -3.5, "y": 318, "rotation": 0.59, "width": 123, "height": 436 }
			},
			"engine": {
				"engine": { "x": 13.04, "y": -4.4, "rotation": 90.59, "width": 100, "height": 53 }
			},
			"flame1": {
				"flame1": { "x": 21.3, "y": -4.57, "rotation": 90.1, "width": 36, "height": 69 }
			},
			"flame2": {
				"flame2": { "x": 27.3, "y": -4.8, "rotation": 90.1, "width": 36, "height": 69 }
			},
			"flame3": {
				"flame3": { "x": 20.31, "y": -3.8, "rotation": 90.1, "width": 36, "height": 69 }
			},
			"wing_l": {
				"wing_l": { "x": 25.63, "y": 24.93, "rotation": 91.93, "width": 76, "height": 167 }
			},
			"wing_m": {
				"wing_m": { "x": -3, "y": 127, "rotation": 0.59, "width": 14, "height": 168 }
			},
			"wing_r": {
				"wing_r": { "x": 23.17, "y": -33.88, "rotation": 88.19, "width": 76, "height": 167 }
			}
		}
	}
],
"animations": {
	"idle_flight": {
		"bones": {
			"wing3": {
				"rotate": [
					{ "curve": "stepped" },
					{ "time": 1.6667, "curve": "stepped" },
					{ "time": 6.6667 }
				],
				"translate": [
					{ "x": -4.19, "y": -2.84, "curve": 0.375, "c2": 0.5, "c3": 0.75 },
					{ "time": 1.6667, "x": -8.37, "curve": 0.25, "c3": 0.75 },
					{ "time": 5, "x": 9.17, "y": -6.8, "curve": 0.25, "c3": 0.625, "c4": 0.5 },
					{ "time": 6.6667, "x": -4.19, "y": -2.84 }
				],
				"scale": [
					{ "x": 1.001, "y": 1.006, "curve": 0.375, "c2": 0.5, "c3": 0.75 },
					{ "time": 1.6667, "x": 1.019, "y": 1.037, "curve": 0.25, "c3": 0.75 },
					{ "time": 5, "x": 1.011, "y": 1.011, "curve": 0.25, "c3": 0.625, "c4": 0.5 },
					{ "time": 6.6667, "x": 1.001, "y": 1.006 }
				]
			},
			"wing": {
				"translate": [
					{ "time": 3.3333, "curve": 0.263, "c2": 0.01, "c3": 0.623, "c4": 0.51 },
					{ "time": 5, "x": 0.01, "y": 8.9, "curve": 0.375, "c2": 0.5, "c3": 0.75 },
					{ "time": 6.6667 }
				]
			},
			"wing4": {
				"translate": [
					{ "curve": 0.25, "c3": 0.75 },
					{ "time": 1.6667, "x": -0.01, "y": -7.35, "curve": 0.25, "c3": 0.75 },
					{ "time": 3.3333 }
				]
			},
			"wing2": {
				"rotate": [
					{ "angle": -2.3 },
					{ "time": 1.6667, "angle": -0.91 },
					{ "time": 5, "angle": -1.69 },
					{ "time": 6.6667, "angle": -2.3 }
				],
				"translate": [
					{ "x": -4.19, "y": -2.84, "curve": 0.375, "c2": 0.5, "c3": 0.75 },
					{ "time": 1.6667, "x": 0.67, "y": -3.09, "curve": 0.25, "c3": 0.75 },
					{ "time": 5, "x": -8.37, "curve": 0.25, "c3": 0.625, "c4": 0.5 },
					{ "time": 6.6667, "x": -4.19, "y": -2.84 }
				],
				"scale": [
					{ "x": 1.001, "y": 1.006, "curve": 0.375, "c2": 0.5, "c3": 0.75 },
					{ "time": 1.6667, "x": 0.966, "y": 1.011, "curve": 0.25, "c3": 0.75 },
					{ "time": 5, "x": 1.019, "y": 1.037, "curve": 0.25, "c3": 0.75 },
					{ "time": 6.6667, "x": 1.001, "y": 1.006 }
				]
			},
			"engine": {
				"rotate": [
					{ "curve": 0.375, "c2": 0.5, "c3": 0.75 },
					{ "time": 0.1667, "angle": -1.2, "curve": 0.25, "c3": 0.75 },
					{ "time": 0.5, "angle": 1.2, "curve": 0.25, "c3": 0.75 },
					{ "time": 0.8333, "angle": -1.2, "curve": 0.25, "c3": 0.75 },
					{ "time": 1.1667, "angle": 1.2, "curve": 0.25, "c3": 0.75 },
					{ "time": 1.5, "angle": -1.2, "curve": 0.25, "c3": 0.75 },
					{ "time": 1.8333, "angle": 1.2, "curve": 0.25, "c3": 0.75 },
					{ "time": 2.1667, "angle": -1.2, "curve": 0.25, "c3": 0.75 },
					{ "time": 2.5, "angle": 1.2, "curve": 0.25, "c3": 0.75 },
					{ "time": 2.8333, "angle": -1.2, "curve": 0.25, "c3": 0.75 },
					{ "time": 3.1667, "angle": 1.2, "curve": 0.25, "c3": 0.75 },
					{ "time": 3.5, "angle": -1.2, "curve": 0.25, "c3": 0.75 },
					{ "time": 3.8333, "angle": 1.2, "curve": 0.25, "c3": 0.75 },
					{ "time": 4.1667, "angle": -1.2, "curve": 0.25, "c3": 0.75 },
					{ "time": 4.5, "angle": 1.2, "curve": 0.25, "c3": 0.75 },
					{ "time": 4.8333, "angle": -1.2, "curve": 0.25, "c3": 0.75 },
					{ "time": 5.1667, "angle": 1.2, "curve": 0.25, "c3": 0.75 },
					{ "time": 5.5, "angle": -1.2, "curve": 0.25, "c3": 0.75 },
					{ "time": 5.8333, "angle": 1.2, "curve": 0.25, "c3": 0.75 },
					{ "time": 6.1667, "angle": -1.2, "curve": 0.25, "c3": 0.75 },
					{ "time": 6.5, "angle": 1.2, "curve": 0.25, "c3": 0.75 },
					{ "time": 6.6667 }
				]
			},
			"engine2": {
				"translate": [
					{},
					{ "time": 1.6667, "y": 2.32, "curve": 0.378, "c2": 0.51, "c3": 0.762, "c4": 0.99 },
					{ "time": 3.3333, "curve": 0.263, "c2": 0.01, "c3": 0.623, "c4": 0.51 },
					{ "time": 5, "y": 3.62, "curve": 0.375, "c2": 0.5, "c3": 0.75 },
					{ "time": 6.6667 }
				],
				"scale": [
					{},
					{ "time": 0.0667, "x": 1.143 },
					{ "time": 0.1667 },
					{ "time": 0.2333, "x": 1.143 },
					{ "time": 0.3333 },
					{ "time": 0.4, "x": 1.143 },
					{ "time": 0.5 },
					{ "time": 0.5667, "x": 1.143 },
					{ "time": 0.6667 },
					{ "time": 0.7333, "x": 1.143 },
					{ "time": 0.8333 },
					{ "time": 0.9, "x": 1.143 },
					{ "time": 1 },
					{ "time": 1.0667, "x": 1.143 },
					{ "time": 1.1667 },
					{ "time": 1.2333, "x": 1.143 },
					{ "time": 1.3333 },
					{ "time": 1.4, "x": 1.143 },
					{ "time": 1.5 },
					{ "time": 1.5667, "x": 1.143 },
					{ "time": 1.6667 },
					{ "time": 1.7333, "x": 1.143 },
					{ "time": 1.8333 },
					{ "time": 1.9, "x": 1.143 },
					{ "time": 2 },
					{ "time": 2.0667, "x": 1.143 },
					{ "time": 2.1667 },
					{ "time": 2.2333, "x": 1.143 },
					{ "time": 2.3333 },
					{ "time": 2.4, "x": 1.143 },
					{ "time": 2.5 },
					{ "time": 2.5667, "x": 1.143 },
					{ "time": 2.6667 },
					{ "time": 2.7333, "x": 1.143 },
					{ "time": 2.8333 },
					{ "time": 2.9, "x": 1.143 },
					{ "time": 3 },
					{ "time": 3.0667, "x": 1.143 },
					{ "time": 3.1667 },
					{ "time": 3.2333, "x": 1.143 },
					{ "time": 3.3333 },
					{ "time": 3.4, "x": 1.143 },
					{ "time": 3.5 },
					{ "time": 3.5667, "x": 1.143 },
					{ "time": 3.6667 },
					{ "time": 3.7333, "x": 1.143 },
					{ "time": 3.8333 },
					{ "time": 3.9, "x": 1.143 },
					{ "time": 4 },
					{ "time": 4.0667, "x": 1.143 },
					{ "time": 4.1667 },
					{ "time": 4.2333, "x": 1.143 },
					{ "time": 4.3333 },
					{ "time": 4.4, "x": 1.143 },
					{ "time": 4.5 },
					{ "time": 4.5667, "x": 1.143 },
					{ "time": 4.6667 },
					{ "time": 4.7333, "x": 1.143 },
					{ "time": 4.8333 },
					{ "time": 4.9, "x": 1.143 },
					{ "time": 5 },
					{ "time": 5.0667, "x": 1.143 },
					{ "time": 5.1667 },
					{ "time": 5.2333, "x": 1.143 },
					{ "time": 5.3333 },
					{ "time": 5.4, "x": 1.143 },
					{ "time": 5.5 },
					{ "time": 5.5667, "x": 1.143 },
					{ "time": 5.6667 },
					{ "time": 5.7333, "x": 1.143 },
					{ "time": 5.8333 },
					{ "time": 5.9, "x": 1.143 },
					{ "time": 6 },
					{ "time": 6.0667, "x": 1.143 },
					{ "time": 6.1667 },
					{ "time": 6.2333, "x": 1.143 },
					{ "time": 6.3333 },
					{ "time": 6.4, "x": 1.143 },
					{ "time": 6.5 },
					{ "time": 6.5667, "x": 1.143 },
					{ "time": 6.6667 }
				]
			},
			"engine3": {
				"translate": [
					{ "curve": 0.277, "c2": 0.01, "c3": 0.623, "c4": 0.51 },
					{ "time": 1.6667, "y": -2.73, "curve": 0.378, "c2": 0.51, "c3": 0.762, "c4": 0.99 },
					{ "time": 3.3333, "curve": 0.263, "c2": 0.01, "c3": 0.623, "c4": 0.51 },
					{ "time": 5, "y": 3.05, "curve": 0.375, "c2": 0.5, "c3": 0.75 },
					{ "time": 6.6667 }
				],
				"scale": [
					{},
					{ "time": 0.0667, "x": 1.143 },
					{ "time": 0.1667 },
					{ "time": 0.2333, "x": 1.143 },
					{ "time": 0.3333 },
					{ "time": 0.4, "x": 1.143 },
					{ "time": 0.5 },
					{ "time": 0.5667, "x": 1.143 },
					{ "time": 0.6667 },
					{ "time": 0.7333, "x": 1.143 },
					{ "time": 0.8333 },
					{ "time": 0.9, "x": 1.143 },
					{ "time": 1 },
					{ "time": 1.0667, "x": 1.143 },
					{ "time": 1.1667 },
					{ "time": 1.2333, "x": 1.143 },
					{ "time": 1.3333 },
					{ "time": 1.4, "x": 1.143 },
					{ "time": 1.5 },
					{ "time": 1.5667, "x": 1.143 },
					{ "time": 1.6667 },
					{ "time": 1.7333, "x": 1.143 },
					{ "time": 1.8333 },
					{ "time": 1.9, "x": 1.143 },
					{ "time": 2 },
					{ "time": 2.0667, "x": 1.143 },
					{ "time": 2.1667 },
					{ "time": 2.2333, "x": 1.143 },
					{ "time": 2.3333 },
					{ "time": 2.4, "x": 1.143 },
					{ "time": 2.5 },
					{ "time": 2.5667, "x": 1.143 },
					{ "time": 2.6667 },
					{ "time": 2.7333, "x": 1.143 },
					{ "time": 2.8333 },
					{ "time": 2.9, "x": 1.143 },
					{ "time": 3 },
					{ "time": 3.0667, "x": 1.143 },
					{ "time": 3.1667 },
					{ "time": 3.2333, "x": 1.143 },
					{ "time": 3.3333 },
					{ "time": 3.4, "x": 1.143 },
					{ "time": 3.5 },
					{ "time": 3.5667, "x": 1.143 },
					{ "time": 3.6667 },
					{ "time": 3.7333, "x": 1.143 },
					{ "time": 3.8333 },
					{ "time": 3.9, "x": 1.143 },
					{ "time": 4 },
					{ "time": 4.0667, "x": 1.143 },
					{ "time": 4.1667 },
					{ "time": 4.2333, "x": 1.143 },
					{ "time": 4.3333 },
					{ "time": 4.4, "x": 1.143 },
					{ "time": 4.5 },
					{ "time": 4.5667, "x": 1.143 },
					{ "time": 4.6667 },
					{ "time": 4.7333, "x": 1.143 },
					{ "time": 4.8333 },
					{ "time": 4.9, "x": 1.143 },
					{ "time": 5 },
					{ "time": 5.0667, "x": 1.143 },
					{ "time": 5.1667 },
					{ "time": 5.2333, "x": 1.143 },
					{ "time": 5.3333 },
					{ "time": 5.4, "x": 1.143 },
					{ "time": 5.5 },
					{ "time": 5.5667, "x": 1.143 },
					{ "time": 5.6667 },
					{ "time": 5.7333, "x": 1.143 },
					{ "time": 5.8333 },
					{ "time": 5.9, "x": 1.143 },
					{ "time": 6 },
					{ "time": 6.0667, "x": 1.143 },
					{ "time": 6.1667 },
					{ "time": 6.2333, "x": 1.143 },
					{ "time": 6.3333 },
					{ "time": 6.4, "x": 1.143 },
					{ "time": 6.5 },
					{ "time": 6.5667, "x": 1.143 },
					{ "time": 6.6667 }
				]
			},
			"engine4": {
				"translate": [
					{ "curve": 0.277, "c2": 0.01, "c3": 0.623, "c4": 0.51 },
					{ "time": 1.6667, "y": -1.64, "curve": 0.378, "c2": 0.51, "c3": 0.762, "c4": 0.99 },
					{ "time": 3.3333, "curve": 0.263, "c2": 0.01, "c3": 0.623, "c4": 0.51 },
					{ "time": 5, "y": 0.65, "curve": 0.375, "c2": 0.5, "c3": 0.75 },
					{ "time": 6.6667 }
				],
				"scale": [
					{},
					{ "time": 0.0667, "x": 1.143 },
					{ "time": 0.1667 },
					{ "time": 0.2333, "x": 1.143 },
					{ "time": 0.3333 },
					{ "time": 0.4, "x": 1.143 },
					{ "time": 0.5 },
					{ "time": 0.5667, "x": 1.143 },
					{ "time": 0.6667 },
					{ "time": 0.7333, "x": 1.143 },
					{ "time": 0.8333 },
					{ "time": 0.9, "x": 1.143 },
					{ "time": 1 },
					{ "time": 1.0667, "x": 1.143 },
					{ "time": 1.1667 },
					{ "time": 1.2333, "x": 1.143 },
					{ "time": 1.3333 },
					{ "time": 1.4, "x": 1.143 },
					{ "time": 1.5 },
					{ "time": 1.5667, "x": 1.143 },
					{ "time": 1.6667 },
					{ "time": 1.7333, "x": 1.143 },
					{ "time": 1.8333 },
					{ "time": 1.9, "x": 1.143 },
					{ "time": 2 },
					{ "time": 2.0667, "x": 1.143 },
					{ "time": 2.1667 },
					{ "time": 2.2333, "x": 1.143 },
					{ "time": 2.3333 },
					{ "time": 2.4, "x": 1.143 },
					{ "time": 2.5 },
					{ "time": 2.5667, "x": 1.143 },
					{ "time": 2.6667 },
					{ "time": 2.7333, "x": 1.143 },
					{ "time": 2.8333 },
					{ "time": 2.9, "x": 1.143 },
					{ "time": 3 },
					{ "time": 3.0667, "x": 1.143 },
					{ "time": 3.1667 },
					{ "time": 3.2333, "x": 1.143 },
					{ "time": 3.3333 },
					{ "time": 3.4, "x": 1.143 },
					{ "time": 3.5 },
					{ "time": 3.5667, "x": 1.143 },
					{ "time": 3.6667 },
					{ "time": 3.7333, "x": 1.143 },
					{ "time": 3.8333 },
					{ "time": 3.9, "x": 1.143 },
					{ "time": 4 },
					{ "time": 4.0667, "x": 1.143 },
					{ "time": 4.1667 },
					{ "time": 4.2333, "x": 1.143 },
					{ "time": 4.3333 },
					{ "time": 4.4, "x": 1.143 },
					{ "time": 4.5 },
					{ "time": 4.5667, "x": 1.143 },
					{ "time": 4.6667 },
					{ "time": 4.7333, "x": 1.143 },
					{ "time": 4.8333 },
					{ "time": 4.9, "x": 1.143 },
					{ "time": 5 },
					{ "time": 5.0667, "x": 1.143 },
					{ "time": 5.1667 },
					{ "time": 5.2333, "x": 1.143 },
					{ "time": 5.3333 },
					{ "time": 5.4, "x": 1.143 },
					{ "time": 5.5 },
					{ "time": 5.5667, "x": 1.143 },
					{ "time": 5.6667 },
					{ "time": 5.7333, "x": 1.143 },
					{ "time": 5.8333 },
					{ "time": 5.9, "x": 1.143 },
					{ "time": 6 },
					{ "time": 6.0667, "x": 1.143 },
					{ "time": 6.1667 },
					{ "time": 6.2333, "x": 1.143 },
					{ "time": 6.3333 },
					{ "time": 6.4, "x": 1.143 },
					{ "time": 6.5 },
					{ "time": 6.5667, "x": 1.143 },
					{ "time": 6.6667 }
				]
			},
			"ship3": {
				"translate": [
					{ "curve": 0.375, "c2": 0.5, "c3": 0.75 },
					{ "time": 1.6667, "x": -0.01, "y": -8, "curve": 0.25, "c3": 0.75 },
					{ "time": 5, "x": 0.01, "y": 8, "curve": 0.25, "c3": 0.625, "c4": 0.5 },
					{ "time": 6.6667 }
				]
			},
			"engine5": {
				"translate": [
					{},
					{ "time": 1.6667, "y": -4 },
					{ "time": 3.3333 },
					{ "time": 5, "y": 4 },
					{ "time": 6.6667 }
				]
			}
		}
	}
}
}