{
	"skeleton": {
		"hash": "gr7CkwgRuAwq6A38vVJLPc8Jh7g",
		"spine": "3.8.99",
		"x": -107.09,
		"y": 1,
		"width": 214.47,
		"height": 535,
		"images": "",
		"audio": "D:/Работа/ЗВЕЗДНЫЙ ГЕМБЛИНГ/mages"
	},
	"bones": [
		{
			"name": "root"
		},
		{
			"name": "cntrl_bone",
			"parent": "root",
			"rotation": 90
		},
		{
			"name": "ship",
			"parent": "cntrl_bone",
			"length": 427.58,
			"rotation": 0.07,
			"x": 101.4,
			"y": -0.33,
			"color": "941dc6ff"
		},
		{
			"name": "wing3",
			"parent": "ship",
			"length": 112.53,
			"rotation": 178.59,
			"x": 52.43,
			"y": 95.59,
			"color": "49ba49ff"
		},
		{
			"name": "wing2",
			"parent": "ship",
			"length": 109.65,
			"rotation": -177.67,
			"x": 50.55,
			"y": -96.62,
			"color": "49ba49ff"
		},
		{
			"name": "ship3",
			"parent": "ship",
			"length": 367.39,
			"rotation": -0.01,
			"x": 26.69,
			"y": 0.1,
			"color": "dbb900ff"
		},
		{
			"name": "wing",
			"parent": "ship",
			"length": 116.68,
			"rotation": 179.52,
			"x": 58.11,
			"y": -0.43,
			"color": "49ba49ff"
		},
		{
			"name": "engine",
			"parent": "ship",
			"length": 18.47,
			"rotation": 179.93,
			"x": 3.14,
			"y": -0.08,
			"color": "b82121ff"
		},
		{
			"name": "engine2",
			"parent": "engine",
			"length": 34.73,
			"rotation": 0.5,
			"x": 33.69,
			"y": -27.77,
			"color": "b82121ff"
		},
		{
			"name": "engine3",
			"parent": "engine",
			"length": 34.73,
			"rotation": 0.5,
			"x": 33.69,
			"y": 0.16,
			"color": "b82121ff"
		},
		{
			"name": "engine4",
			"parent": "engine",
			"length": 34.73,
			"rotation": 0.5,
			"x": 33.69,
			"y": 25.98,
			"color": "b82121ff"
		},
		{
			"name": "wing4",
			"parent": "ship",
			"length": 116.68,
			"rotation": 179.52,
			"x": 58.11,
			"y": -0.43,
			"color": "49ba49ff"
		},
		{
			"name": "ship2",
			"parent": "ship",
			"length": 83.43,
			"rotation": 9.6,
			"x": 17.75,
			"y": 38.76,
			"color": "941dc6ff"
		},
		{
			"name": "ship4",
			"parent": "ship",
			"length": 89.03,
			"rotation": -10.22,
			"x": 14.58,
			"y": -36.53,
			"color": "941dc6ff"
		},
		{
			"name": "engine5",
			"parent": "engine",
			"length": 20.02,
			"rotation": -90.4,
			"x": 23.54,
			"y": 9.09,
			"color": "b82121ff"
		}
	],
	"slots": [
		{
			"name": "flame3",
			"bone": "root",
			"attachment": "flame3"
		},
		{
			"name": "flame2",
			"bone": "root",
			"attachment": "flame2"
		},
		{
			"name": "flame1",
			"bone": "root",
			"attachment": "flame1"
		},
		{
			"name": "engine",
			"bone": "root",
			"attachment": "engine"
		},
		{
			"name": "wing_l",
			"bone": "root",
			"attachment": "wing_l"
		},
		{
			"name": "wing_r",
			"bone": "root",
			"attachment": "wing_r"
		},
		{
			"name": "body",
			"bone": "root",
			"attachment": "body"
		},
		{
			"name": "wing_m",
			"bone": "root",
			"attachment": "wing_m"
		}
	],
	"skins": [
		{
			"name": "default",
			"attachments": {
				"body": {
					"body": {
						"type": "mesh",
						"uvs": [
							0.86374,
							0.9776,
							0.5,
							1,
							0.12898,
							0.9775,
							0.07008,
							0.87557,
							0.01557,
							0.74713,
							0,
							0.625,
							0,
							0.5,
							0.02336,
							0.37557,
							0.07397,
							0.2477,
							0.16156,
							0.12155,
							0.32508,
							0.01838,
							0.5,
							0,
							0.66714,
							0.01781,
							0.82676,
							0.12385,
							0.9124,
							0.25,
							0.95523,
							0.3727,
							1,
							0.5,
							1,
							0.625,
							0.97859,
							0.74885,
							0.92992,
							0.87557,
							0.5,
							0.875,
							0.5,
							0.75,
							0.5,
							0.625,
							0.5,
							0.5,
							0.5,
							0.375,
							0.5,
							0.25,
							0.5,
							0.125,
							0.49958,
							0.02852,
							0.38473,
							0.04632,
							0.61442,
							0.0446,
							0.75458,
							0.12845,
							0.26793,
							0.12616,
							0.17645,
							0.25144,
							0.11041,
							0.37601,
							0.08316,
							0.49949,
							0.07732,
							0.62479,
							0.10068,
							0.74712,
							0.14739,
							0.87357,
							0.21163,
							0.95398,
							0.49778,
							0.96604,
							0.77419,
							0.95742,
							0.83842,
							0.87468,
							0.89319,
							0.74948,
							0.91823,
							0.62629,
							0.92096,
							0.50078,
							0.89487,
							0.37356,
							0.84426,
							0.25029
						],
						"triangles": [
							2,
							38,
							1,
							38,
							39,
							1,
							1,
							40,
							0,
							1,
							39,
							40,
							0,
							40,
							19,
							38,
							3,
							37,
							38,
							2,
							3,
							39,
							20,
							40,
							39,
							38,
							20,
							40,
							41,
							19,
							40,
							20,
							41,
							38,
							37,
							20,
							41,
							42,
							19,
							19,
							42,
							18,
							3,
							36,
							37,
							3,
							4,
							36,
							41,
							20,
							21,
							20,
							37,
							21,
							41,
							21,
							42,
							37,
							36,
							21,
							42,
							21,
							22,
							21,
							36,
							22,
							42,
							43,
							18,
							42,
							22,
							43,
							18,
							43,
							17,
							4,
							35,
							36,
							4,
							5,
							35,
							36,
							35,
							22,
							17,
							43,
							44,
							43,
							22,
							44,
							44,
							16,
							17,
							35,
							34,
							22,
							5,
							6,
							35,
							35,
							6,
							34,
							23,
							45,
							44,
							44,
							15,
							16,
							44,
							45,
							15,
							34,
							33,
							23,
							33,
							24,
							23,
							23,
							24,
							45,
							34,
							6,
							7,
							34,
							7,
							33,
							24,
							33,
							32,
							32,
							33,
							8,
							33,
							7,
							8,
							24,
							46,
							45,
							32,
							25,
							24,
							24,
							25,
							46,
							45,
							14,
							15,
							45,
							46,
							14,
							25,
							32,
							31,
							13,
							14,
							46,
							46,
							25,
							30,
							46,
							30,
							13,
							31,
							32,
							9,
							31,
							26,
							25,
							25,
							26,
							30,
							32,
							8,
							9,
							13,
							30,
							29,
							26,
							31,
							28,
							31,
							9,
							28,
							29,
							26,
							27,
							30,
							26,
							29,
							27,
							26,
							28,
							29,
							12,
							13,
							9,
							10,
							28,
							28,
							10,
							27,
							29,
							27,
							12,
							27,
							11,
							12,
							27,
							10,
							11,
							34,
							23,
							22,
							22,
							23,
							44
						],
						"vertices": [
							1,
							2,
							0.48,
							-47.82,
							1,
							1,
							2,
							-9.4,
							-0.16,
							1,
							1,
							2,
							0.65,
							48.43,
							1,
							1,
							2,
							45.92,
							56.09,
							1,
							1,
							2,
							102.96,
							63.16,
							1,
							1,
							2,
							157.18,
							65.13,
							1,
							1,
							2,
							212.68,
							65.06,
							1,
							1,
							2,
							267.92,
							61.93,
							1,
							1,
							2,
							324.69,
							55.23,
							1,
							1,
							2,
							380.69,
							43.68,
							1,
							1,
							2,
							426.47,
							22.2,
							1,
							1,
							2,
							434.6,
							-0.72,
							1,
							1,
							2,
							426.66,
							-22.61,
							1,
							1,
							2,
							379.56,
							-43.46,
							1,
							1,
							2,
							323.53,
							-54.61,
							1,
							1,
							2,
							269.04,
							-60.15,
							1,
							1,
							2,
							212.52,
							-65.94,
							1,
							1,
							2,
							157.02,
							-65.87,
							1,
							1,
							2,
							102.03,
							-63,
							1,
							1,
							2,
							45.77,
							-56.55,
							1,
							2,
							2,
							46.1,
							-0.23,
							0.704,
							5,
							19.41,
							-0.32,
							0.296,
							2,
							2,
							101.6,
							-0.3,
							0.528,
							5,
							74.91,
							-0.39,
							0.472,
							2,
							2,
							157.1,
							-0.37,
							0.232,
							5,
							130.41,
							-0.45,
							0.768,
							2,
							2,
							212.6,
							-0.44,
							0.28,
							5,
							185.91,
							-0.52,
							0.72,
							2,
							2,
							268.1,
							-0.51,
							0.608,
							5,
							241.41,
							-0.58,
							0.392,
							2,
							2,
							323.6,
							-0.58,
							0.696,
							5,
							296.91,
							-0.65,
							0.304,
							2,
							2,
							379.1,
							-0.65,
							0.792,
							5,
							352.41,
							-0.71,
							0.208,
							1,
							2,
							421.94,
							-0.65,
							1,
							1,
							2,
							414.05,
							14.4,
							1,
							1,
							2,
							414.78,
							-15.69,
							1,
							1,
							2,
							377.52,
							-34,
							1,
							1,
							2,
							378.63,
							29.75,
							1,
							1,
							2,
							323.02,
							41.8,
							1,
							1,
							2,
							267.72,
							50.52,
							1,
							1,
							2,
							212.9,
							54.16,
							1,
							1,
							2,
							157.27,
							55,
							1,
							1,
							2,
							102.95,
							52.01,
							1,
							1,
							2,
							46.79,
							45.96,
							1,
							1,
							2,
							11.08,
							37.59,
							1,
							1,
							2,
							5.68,
							0.11,
							1,
							1,
							2,
							9.46,
							-36.1,
							1,
							1,
							2,
							46.19,
							-44.56,
							1,
							1,
							2,
							101.76,
							-51.81,
							1,
							1,
							2,
							156.46,
							-55.16,
							1,
							1,
							2,
							212.18,
							-55.59,
							1,
							1,
							2,
							268.67,
							-52.24,
							1,
							1,
							2,
							323.41,
							-45.68,
							1
						],
						"hull": 20,
						"edges": [
							0,
							2,
							2,
							4,
							4,
							6,
							6,
							8,
							8,
							10,
							10,
							12,
							12,
							14,
							14,
							16,
							16,
							18,
							18,
							20,
							20,
							22,
							22,
							24,
							24,
							26,
							26,
							28,
							28,
							30,
							30,
							32,
							32,
							34,
							34,
							36,
							36,
							38,
							38,
							0,
							54,
							52,
							52,
							50,
							50,
							48,
							46,
							48,
							46,
							44,
							44,
							42,
							42,
							40,
							40,
							78
						],
						"width": 133,
						"height": 443
					}
				},
				"engine": {
					"engine": {
						"type": "mesh",
						"uvs": [
							0.94719,
							0.49428,
							0.98622,
							0.94715,
							0.91887,
							0.94715,
							0.50426,
							0.94715,
							0.0899,
							0.94715,
							0.00459,
							0.94715,
							0.03674,
							0.50647,
							0.1837,
							0.1301,
							0.50426,
							1.0E-5,
							0.84385,
							0.15449,
							0.50655,
							0.44143,
							0.14833,
							0.5268,
							0.84411,
							0.50647,
							0.28968,
							0.27265,
							0.72598,
							0.27265,
							0.50324,
							0.17914
						],
						"triangles": [
							2,
							0,
							1,
							2,
							3,
							12,
							3,
							10,
							12,
							2,
							12,
							0,
							10,
							14,
							12,
							4,
							11,
							3,
							3,
							11,
							10,
							10,
							11,
							13,
							11,
							4,
							6,
							4,
							5,
							6,
							13,
							11,
							7,
							11,
							6,
							7,
							0,
							12,
							9,
							12,
							14,
							9,
							13,
							15,
							10,
							10,
							15,
							14,
							9,
							14,
							8,
							15,
							13,
							8,
							14,
							15,
							8,
							8,
							13,
							7
						],
						"vertices": [
							2,
							7,
							16.69,
							47.89,
							0.872,
							14,
							-38.75,
							-7.13,
							0.128,
							2,
							7,
							44.31,
							52.11,
							0.872,
							14,
							-43.16,
							20.47,
							0.128,
							2,
							7,
							44.31,
							44.84,
							0.8,
							14,
							-35.89,
							20.52,
							0.2,
							2,
							7,
							44.31,
							0.06,
							0.352,
							14,
							8.89,
							20.83,
							0.648,
							2,
							7,
							44.31,
							-44.69,
							0.736,
							14,
							53.64,
							21.15,
							0.264,
							2,
							7,
							44.31,
							-53.91,
							0.848,
							14,
							62.85,
							21.21,
							0.152,
							2,
							7,
							17.43,
							-50.43,
							0.848,
							14,
							59.57,
							-5.69,
							0.152,
							1,
							7,
							-5.53,
							-34.56,
							1,
							1,
							7,
							-13.46,
							0.06,
							1,
							1,
							7,
							-4.04,
							36.73,
							1,
							2,
							7,
							13.46,
							0.31,
							0.552,
							14,
							8.86,
							-10.02,
							0.448,
							2,
							7,
							18.67,
							-38.38,
							0.816,
							14,
							47.51,
							-4.54,
							0.184,
							2,
							7,
							17.43,
							36.76,
							0.792,
							14,
							-27.63,
							-6.3,
							0.208,
							2,
							7,
							3.17,
							-23.12,
							0.888,
							14,
							32.35,
							-20.15,
							0.112,
							2,
							7,
							3.17,
							24,
							0.84,
							14,
							-14.77,
							-20.48,
							0.16,
							2,
							7,
							-2.53,
							-0.05,
							0.848,
							14,
							9.33,
							-26.01,
							0.152
						],
						"hull": 10,
						"edges": [
							14,
							16,
							16,
							18,
							10,
							12,
							12,
							14,
							2,
							0,
							0,
							18,
							6,
							8,
							8,
							10,
							2,
							4,
							4,
							6
						],
						"width": 108,
						"height": 63
					}
				},
				"flame1": {
					"flame1": {
						"type": "mesh",
						"uvs": [
							1,
							0.54185,
							0.77455,
							0.99999,
							0.22545,
							0.99999,
							0,
							0.55473,
							0,
							0,
							1,
							0
						],
						"triangles": [
							4,
							5,
							0,
							3,
							4,
							0,
							1,
							2,
							3,
							0,
							1,
							3
						],
						"vertices": [
							1,
							10,
							28.75,
							21.37,
							1,
							1,
							10,
							63.94,
							11.14,
							1,
							1,
							10,
							63.73,
							-13.02,
							1,
							1,
							10,
							29.36,
							-22.64,
							1,
							1,
							10,
							-13.35,
							-22.27,
							1,
							1,
							10,
							-12.97,
							21.73,
							1
						],
						"hull": 6,
						"edges": [
							2,
							4,
							8,
							10,
							4,
							6,
							6,
							8,
							2,
							0,
							0,
							10
						],
						"width": 44,
						"height": 77
					}
				},
				"flame2": {
					"flame2": {
						"type": "mesh",
						"uvs": [
							0.99436,
							0.59843,
							0.77455,
							1,
							0.25927,
							0.99999,
							0,
							0.59521,
							0,
							0,
							1,
							0
						],
						"triangles": [
							3,
							4,
							5,
							0,
							3,
							5,
							2,
							3,
							0,
							1,
							2,
							0
						],
						"vertices": [
							1,
							9,
							39.1,
							20.85,
							1,
							1,
							9,
							69.94,
							10.91,
							1,
							1,
							9,
							69.74,
							-11.76,
							1,
							1,
							9,
							38.48,
							-22.9,
							1,
							1,
							9,
							-7.35,
							-22.5,
							1,
							1,
							9,
							-6.97,
							21.5,
							1
						],
						"hull": 6,
						"edges": [
							2,
							4,
							8,
							10,
							4,
							6,
							6,
							8,
							2,
							0,
							0,
							10
						],
						"width": 44,
						"height": 77
					}
				},
				"flame3": {
					"flame3": {
						"type": "mesh",
						"uvs": [
							1,
							0.61054,
							0.80273,
							0.98712,
							0.23109,
							0.98712,
							0,
							0.61054,
							0,
							0,
							1,
							0
						],
						"triangles": [
							3,
							4,
							5,
							3,
							5,
							0,
							2,
							3,
							0,
							1,
							2,
							0
						],
						"vertices": [
							1,
							8,
							33.05,
							22.09,
							1,
							1,
							8,
							61.97,
							13.16,
							1,
							1,
							8,
							61.75,
							-12,
							1,
							1,
							8,
							32.67,
							-21.91,
							1,
							1,
							8,
							-14.34,
							-21.5,
							1,
							1,
							8,
							-13.96,
							22.5,
							1
						],
						"hull": 6,
						"edges": [
							2,
							4,
							8,
							10,
							4,
							6,
							6,
							8,
							2,
							0,
							0,
							10
						],
						"width": 44,
						"height": 77
					}
				},
				"wing_l": {
					"wing_l": {
						"type": "mesh",
						"uvs": [
							0.84052,
							0.24662,
							1,
							0.50793,
							0.76157,
							0.63869,
							0.50055,
							0.78659,
							0.11456,
							1,
							0.04667,
							0.97376,
							0.02279,
							0.69076,
							0.06881,
							0.48795,
							0.14221,
							0.31617,
							0.36673,
							0.11214,
							0.69,
							1.0E-5,
							0.13562,
							0.93714,
							0.11853,
							0.70466,
							0.43214,
							0.76299,
							0.87929,
							0.48878,
							0.25407,
							0.34426,
							0.45832,
							0.1618,
							0.62642,
							0.07619,
							0.25416,
							0.72636,
							0.52148,
							0.40754,
							0.74231,
							0.27122,
							0.6804,
							0.61248,
							0.40185,
							0.54257,
							0.16363,
							0.5028,
							0.64628,
							0.3159
						],
						"triangles": [
							16,
							9,
							17,
							24,
							16,
							20,
							24,
							15,
							16,
							19,
							15,
							24,
							19,
							24,
							14,
							14,
							21,
							19,
							2,
							14,
							1,
							3,
							21,
							2,
							3,
							13,
							21,
							18,
							12,
							22,
							7,
							8,
							15,
							23,
							7,
							15,
							6,
							7,
							23,
							12,
							6,
							23,
							11,
							12,
							18,
							4,
							11,
							3,
							4,
							5,
							11,
							11,
							5,
							6,
							11,
							6,
							12,
							12,
							23,
							22,
							11,
							18,
							13,
							11,
							13,
							3,
							13,
							18,
							22,
							21,
							13,
							22,
							23,
							15,
							19,
							2,
							21,
							14,
							15,
							8,
							16,
							22,
							23,
							19,
							21,
							22,
							19,
							8,
							9,
							16,
							17,
							9,
							10,
							17,
							10,
							0,
							20,
							16,
							17,
							0,
							20,
							17,
							0,
							1,
							14,
							20,
							0,
							14,
							24,
							20,
							14
						],
						"vertices": [
							3,
							2,
							65.1,
							46.07,
							0.59584,
							3,
							-13.89,
							49.2,
							0.18816,
							5,
							38.41,
							45.97,
							0.216,
							3,
							2,
							9.65,
							34.23,
							0.55194,
							3,
							41.26,
							62.39,
							0.23206,
							5,
							-17.04,
							34.14,
							0.216,
							3,
							2,
							-9.08,
							51.1,
							0.31821,
							3,
							60.39,
							45.99,
							0.58579,
							5,
							-35.77,
							51,
							0.096,
							2,
							2,
							-27.97,
							67.32,
							0.16667,
							3,
							79.68,
							30.24,
							0.83333,
							1,
							3,
							117.77,
							-1.31,
							1,
							1,
							3,
							113.31,
							-7.12,
							1,
							2,
							2,
							-11.15,
							107.43,
							0.14491,
							3,
							63.85,
							-10.28,
							0.85509,
							3,
							2,
							24.34,
							103.52,
							0.2161,
							3,
							28.28,
							-7.24,
							0.7039,
							5,
							-2.36,
							103.42,
							0.08,
							3,
							2,
							54.39,
							97.31,
							0.37161,
							3,
							-1.92,
							-1.77,
							0.55639,
							5,
							27.7,
							97.22,
							0.072,
							3,
							2,
							88.34,
							81.9,
							0.42022,
							3,
							-36.23,
							12.8,
							0.45178,
							5,
							61.64,
							81.81,
							0.128,
							3,
							2,
							112.25,
							52.67,
							0.60838,
							3,
							-60.86,
							41.43,
							0.16762,
							5,
							85.56,
							52.59,
							0.224,
							1,
							3,
							106.73,
							0.21,
							1,
							2,
							2,
							-13.59,
							99.39,
							0.15072,
							3,
							66.09,
							-2.18,
							0.84928,
							2,
							2,
							-23.83,
							73.06,
							0.17208,
							3,
							75.68,
							24.4,
							0.82792,
							3,
							2,
							12.26,
							43.62,
							0.54566,
							3,
							38.87,
							52.94,
							0.23834,
							5,
							-14.43,
							43.53,
							0.216,
							3,
							2,
							49.47,
							87.92,
							0.37532,
							3,
							2.77,
							7.73,
							0.54469,
							5,
							22.77,
							87.83,
							0.08,
							3,
							2,
							79.64,
							74.21,
							0.48832,
							3,
							-27.72,
							20.7,
							0.38368,
							5,
							52.94,
							74.12,
							0.128,
							3,
							2,
							98.93,
							58.03,
							0.55251,
							3,
							-47.41,
							36.4,
							0.22349,
							5,
							72.24,
							57.94,
							0.224,
							2,
							2,
							-17.4,
							88,
							0.22015,
							3,
							69.62,
							9.3,
							0.77985,
							3,
							2,
							36.18,
							70.03,
							0.50893,
							3,
							15.62,
							25.95,
							0.38707,
							5,
							9.48,
							69.94,
							0.104,
							3,
							2,
							58.82,
							53.33,
							0.55194,
							3,
							-7.42,
							42.09,
							0.23206,
							5,
							32.12,
							53.23,
							0.216,
							3,
							2,
							-4.48,
							57.91,
							0.34714,
							3,
							55.97,
							39.07,
							0.55686,
							5,
							-31.18,
							57.81,
							0.096,
							3,
							2,
							15.25,
							77.3,
							0.26655,
							3,
							36.72,
							19.2,
							0.67745,
							5,
							-11.45,
							77.2,
							0.056,
							3,
							2,
							21.73,
							95.56,
							0.24478,
							3,
							30.69,
							0.79,
							0.67522,
							5,
							-4.96,
							95.46,
							0.08,
							3,
							2,
							47.68,
							64.19,
							0.50176,
							3,
							3.98,
							31.5,
							0.39424,
							5,
							20.98,
							64.1,
							0.104
						],
						"hull": 11,
						"edges": [
							18,
							20,
							6,
							8,
							8,
							10,
							10,
							12,
							16,
							18,
							2,
							0,
							0,
							20,
							2,
							4,
							4,
							6,
							12,
							14,
							14,
							16
						],
						"width": 84,
						"height": 176
					}
				},
				"wing_m": {
					"wing_m": {
						"type": "mesh",
						"uvs": [
							1,
							0.82308,
							0.99999,
							0.90215,
							1,
							1,
							0,
							1,
							0.00909,
							0.90165,
							0,
							0.82195,
							0,
							0.75,
							0,
							0.61208,
							0,
							0.5,
							0,
							0.35174,
							0,
							0.25,
							0,
							0.15348,
							0,
							0.08475,
							0,
							0,
							1,
							0,
							1,
							0.08011,
							1,
							0.15218,
							1,
							0.25,
							1,
							0.34861,
							1,
							0.5,
							1,
							0.61522,
							1,
							0.75,
							0.39027,
							0.50029,
							0.55482,
							0.50017,
							0.41119,
							0.2498,
							0.56755,
							0.24968,
							0.5005,
							0.07763,
							0.42202,
							0.75027,
							0.50748,
							0.75049,
							0.45751,
							0.89865,
							0.45239,
							0.1552,
							0.54221,
							0.15477,
							0.57745,
							0.35018,
							0.4184,
							0.35207,
							0.41436,
							0.6113,
							0.53354,
							0.6113,
							0.48508,
							0.82389,
							0.44457,
							0.82375
						],
						"triangles": [
							3,
							4,
							29,
							29,
							1,
							2,
							12,
							13,
							26,
							26,
							14,
							15,
							29,
							36,
							1,
							4,
							5,
							37,
							26,
							31,
							30,
							12,
							26,
							30,
							17,
							31,
							16,
							10,
							11,
							24,
							24,
							11,
							30,
							28,
							37,
							27,
							28,
							21,
							0,
							34,
							27,
							7,
							33,
							9,
							24,
							9,
							10,
							24,
							24,
							30,
							25,
							30,
							31,
							25,
							17,
							25,
							31,
							34,
							35,
							27,
							35,
							34,
							22,
							23,
							22,
							33,
							32,
							33,
							24,
							24,
							25,
							32,
							20,
							35,
							19,
							35,
							23,
							19,
							23,
							35,
							22,
							23,
							32,
							19,
							23,
							33,
							32,
							20,
							28,
							35,
							20,
							21,
							28,
							35,
							28,
							27,
							32,
							18,
							19,
							32,
							25,
							18,
							0,
							36,
							28,
							28,
							36,
							37,
							7,
							22,
							34,
							7,
							8,
							22,
							33,
							22,
							9,
							22,
							8,
							9,
							25,
							17,
							18,
							27,
							6,
							7,
							1,
							36,
							0,
							29,
							37,
							36,
							37,
							5,
							27,
							5,
							6,
							27,
							15,
							16,
							31,
							12,
							30,
							11,
							4,
							37,
							29,
							31,
							26,
							15,
							2,
							3,
							29,
							26,
							13,
							14
						],
						"vertices": [
							3,
							2,
							-35.28,
							-11.63,
							0.20191,
							11,
							93.29,
							11.98,
							0.01409,
							5,
							-61.96,
							-11.73,
							0.784,
							3,
							2,
							-49.19,
							-11.61,
							0.20106,
							11,
							107.21,
							12.08,
							0.01494,
							5,
							-75.88,
							-11.71,
							0.784,
							2,
							2,
							-66.41,
							-11.59,
							0.216,
							5,
							-93.1,
							-11.69,
							0.784,
							2,
							2,
							-66.39,
							10.41,
							0.216,
							5,
							-93.08,
							10.31,
							0.784,
							3,
							2,
							-49.08,
							10.19,
							0.20045,
							6,
							107.28,
							-9.72,
							0.01555,
							5,
							-75.77,
							10.09,
							0.784,
							3,
							2,
							-35.05,
							10.37,
							0.19354,
							6,
							93.25,
							-10.02,
							0.02246,
							5,
							-61.74,
							10.27,
							0.784,
							3,
							2,
							-22.39,
							10.36,
							0.19181,
							6,
							80.59,
							-10.11,
							0.02419,
							5,
							-49.08,
							10.26,
							0.784,
							3,
							2,
							1.89,
							10.33,
							0.16762,
							6,
							56.31,
							-10.28,
							0.04838,
							5,
							-24.8,
							10.23,
							0.784,
							3,
							2,
							21.61,
							10.3,
							0.16416,
							6,
							36.59,
							-10.42,
							0.05184,
							5,
							-5.08,
							10.21,
							0.784,
							3,
							2,
							47.71,
							10.27,
							0.16762,
							6,
							10.5,
							-10.61,
							0.04838,
							5,
							21.02,
							10.18,
							0.784,
							3,
							2,
							65.61,
							10.25,
							0.17626,
							6,
							-7.41,
							-10.73,
							0.03974,
							5,
							38.92,
							10.15,
							0.784,
							3,
							2,
							82.6,
							10.22,
							0.18835,
							6,
							-24.4,
							-10.85,
							0.02765,
							5,
							55.91,
							10.13,
							0.784,
							3,
							2,
							94.7,
							10.21,
							0.19008,
							6,
							-36.49,
							-10.94,
							0.02592,
							5,
							68.01,
							10.12,
							0.784,
							2,
							2,
							109.61,
							10.19,
							0.216,
							5,
							82.92,
							10.1,
							0.784,
							2,
							2,
							109.59,
							-11.81,
							0.216,
							5,
							82.9,
							-11.9,
							0.784,
							3,
							2,
							95.49,
							-11.79,
							0.2005,
							11,
							-37.47,
							11.05,
							0.01551,
							5,
							68.8,
							-11.88,
							0.784,
							3,
							2,
							82.8,
							-11.78,
							0.18655,
							11,
							-24.78,
							11.14,
							0.02945,
							5,
							56.12,
							-11.87,
							0.784,
							3,
							2,
							65.59,
							-11.75,
							0.17971,
							11,
							-7.57,
							11.27,
							0.03629,
							5,
							38.9,
							-11.85,
							0.784,
							3,
							2,
							48.23,
							-11.73,
							0.16557,
							11,
							9.79,
							11.39,
							0.05043,
							5,
							21.54,
							-11.83,
							0.784,
							3,
							2,
							21.59,
							-11.7,
							0.15034,
							11,
							36.43,
							11.58,
							0.06566,
							5,
							-5.1,
							-11.79,
							0.784,
							3,
							2,
							1.31,
							-11.67,
							0.14527,
							11,
							56.71,
							11.72,
							0.07073,
							5,
							-25.38,
							-11.77,
							0.784,
							3,
							2,
							-22.41,
							-11.64,
							0.1728,
							11,
							80.43,
							11.89,
							0.0432,
							5,
							-49.1,
							-11.74,
							0.784,
							3,
							2,
							21.55,
							1.72,
							0.16589,
							6,
							36.58,
							-1.84,
							0.05011,
							5,
							-5.14,
							1.62,
							0.784,
							3,
							2,
							21.57,
							-1.9,
							0.13651,
							11,
							36.53,
							1.78,
							0.07949,
							5,
							-5.12,
							-2,
							0.784,
							3,
							2,
							65.64,
							1.2,
							0.18144,
							6,
							-7.51,
							-1.69,
							0.03456,
							5,
							38.95,
							1.11,
							0.784,
							3,
							2,
							65.65,
							-2.24,
							0.15379,
							11,
							-7.55,
							1.75,
							0.06221,
							5,
							38.97,
							-2.33,
							0.784,
							2,
							2,
							95.94,
							-0.8,
							0.216,
							5,
							69.25,
							-0.89,
							0.784,
							3,
							2,
							-22.45,
							1.07,
							0.17626,
							6,
							80.57,
							-0.83,
							0.03974,
							5,
							-49.13,
							0.97,
							0.784,
							3,
							2,
							-22.49,
							-0.81,
							0.13997,
							11,
							80.59,
							1.05,
							0.07603,
							5,
							-49.18,
							-0.91,
							0.784,
							2,
							2,
							-48.56,
							0.33,
							0.216,
							5,
							-75.25,
							0.22,
							0.784,
							3,
							2,
							82.28,
							0.27,
							0.1849,
							6,
							-24.17,
							-0.9,
							0.0311,
							5,
							55.6,
							0.18,
							0.784,
							3,
							2,
							82.36,
							-1.7,
							0.18351,
							11,
							-24.26,
							1.07,
							0.03249,
							5,
							55.67,
							-1.79,
							0.784,
							3,
							2,
							47.97,
							-2.44,
							0.14073,
							11,
							10.13,
							2.09,
							0.07528,
							5,
							21.28,
							-2.53,
							0.784,
							3,
							2,
							47.64,
							1.06,
							0.16934,
							6,
							10.49,
							-1.4,
							0.04666,
							5,
							20.95,
							0.97,
							0.784,
							3,
							2,
							2.01,
							1.21,
							0.16934,
							6,
							56.11,
							-1.17,
							0.04666,
							5,
							-24.67,
							1.11,
							0.784,
							3,
							2,
							2.01,
							-1.41,
							0.1323,
							11,
							56.09,
							1.45,
							0.0837,
							5,
							-24.68,
							-1.51,
							0.784,
							3,
							2,
							-35.4,
							-0.3,
							0.16386,
							11,
							93.52,
							0.65,
							0.05214,
							5,
							-62.09,
							-0.4,
							0.784,
							3,
							2,
							-35.38,
							0.59,
							0.19526,
							6,
							93.5,
							-0.24,
							0.02074,
							5,
							-62.07,
							0.49,
							0.784
						],
						"hull": 22,
						"edges": [
							4,
							6,
							26,
							28,
							4,
							2,
							6,
							8,
							28,
							30,
							24,
							26,
							20,
							22,
							22,
							24,
							30,
							32,
							32,
							34,
							16,
							18,
							18,
							20,
							34,
							36,
							36,
							38,
							12,
							14,
							14,
							16,
							38,
							40,
							40,
							42,
							8,
							10,
							10,
							12,
							2,
							0,
							0,
							42
						],
						"width": 23,
						"height": 176
					}
				},
				"wing_r": {
					"wing_r": {
						"type": "mesh",
						"uvs": [
							0.96675,
							0.68023,
							0.96881,
							0.93263,
							0.88326,
							0.99999,
							0.53848,
							0.81294,
							0.22553,
							0.62887,
							0.00629,
							0.49544,
							0.16364,
							0.24546,
							0.31814,
							1.0E-5,
							0.63806,
							0.12202,
							0.81779,
							0.29473,
							0.93138,
							0.47384,
							0.85543,
							0.93575,
							0.60659,
							0.78996,
							0.10804,
							0.48775,
							0.36536,
							0.06657,
							0.88749,
							0.69918,
							0.84227,
							0.49258,
							0.73622,
							0.31841,
							0.56779,
							0.17244,
							0.32067,
							0.61117,
							0.78733,
							0.73416,
							0.60608,
							0.54816,
							0.45192,
							0.39517,
							0.25698,
							0.27233
						],
						"triangles": [
							21,
							19,
							22,
							3,
							19,
							12,
							18,
							8,
							9,
							17,
							18,
							9,
							21,
							22,
							16,
							12,
							21,
							20,
							3,
							12,
							11,
							17,
							9,
							10,
							20,
							21,
							15,
							2,
							3,
							11,
							20,
							15,
							1,
							0,
							15,
							16,
							16,
							10,
							0,
							15,
							0,
							1,
							1,
							11,
							20,
							2,
							11,
							1,
							11,
							12,
							20,
							16,
							17,
							10,
							15,
							21,
							16,
							22,
							17,
							16,
							19,
							21,
							12,
							4,
							19,
							3,
							17,
							22,
							18,
							8,
							14,
							7,
							18,
							14,
							8,
							6,
							7,
							14,
							23,
							6,
							14,
							18,
							23,
							14,
							22,
							23,
							18,
							13,
							6,
							23,
							13,
							23,
							22,
							13,
							5,
							6,
							19,
							13,
							22,
							4,
							13,
							19,
							5,
							13,
							4
						],
						"vertices": [
							1,
							4,
							60.49,
							7.8,
							1,
							1,
							4,
							104.63,
							6.12,
							1,
							1,
							4,
							116.1,
							-1.55,
							1,
							3,
							2,
							-32.75,
							-70.86,
							0.26987,
							4,
							82.18,
							-29.12,
							0.57813,
							5,
							-59.43,
							-70.96,
							0.152,
							3,
							2,
							-0.51,
							-44.61,
							0.34278,
							4,
							48.9,
							-54.03,
							0.48122,
							5,
							-27.19,
							-44.71,
							0.176,
							3,
							2,
							9.86,
							-35.41,
							0.61901,
							4,
							38.17,
							-62.81,
							0.21299,
							5,
							-16.83,
							-35.51,
							0.168,
							3,
							2,
							60.31,
							-45.19,
							0.68365,
							4,
							-11.84,
							-50.99,
							0.18835,
							5,
							33.62,
							-45.28,
							0.128,
							3,
							2,
							110.51,
							-53.49,
							0.672,
							4,
							-61.67,
							-40.66,
							0.168,
							5,
							83.83,
							-53.58,
							0.16,
							3,
							2,
							88.15,
							-79.38,
							0.50312,
							4,
							-38.27,
							-15.7,
							0.32088,
							5,
							61.47,
							-79.47,
							0.176,
							3,
							2,
							57.9,
							-94.44,
							0.19877,
							4,
							-7.44,
							-1.88,
							0.62523,
							5,
							31.22,
							-94.53,
							0.176,
							3,
							2,
							26.55,
							-103.94,
							0.0738,
							4,
							24.28,
							6.34,
							0.7182,
							5,
							-0.13,
							-104.04,
							0.208,
							1,
							4,
							104.77,
							-3.42,
							1,
							3,
							2,
							-28.74,
							-76.59,
							0.24886,
							4,
							78.41,
							-23.23,
							0.59914,
							5,
							-55.42,
							-76.69,
							0.152,
							3,
							2,
							11.19,
							-43.96,
							0.58573,
							4,
							37.18,
							-54.21,
							0.24627,
							5,
							-15.49,
							-44.06,
							0.168,
							3,
							2,
							98.86,
							-57.44,
							0.63168,
							4,
							-49.87,
							-37.18,
							0.20832,
							5,
							72.18,
							-57.53,
							0.16,
							2,
							2,
							-12.88,
							-100.2,
							0.03378,
							4,
							63.52,
							1.01,
							0.96622,
							3,
							2,
							23.28,
							-96.45,
							0.16603,
							4,
							27.24,
							-1.27,
							0.62597,
							5,
							-3.4,
							-96.55,
							0.208,
							3,
							2,
							53.77,
							-87.58,
							0.3221,
							4,
							-3.59,
							-8.9,
							0.5019,
							5,
							27.09,
							-87.67,
							0.176,
							3,
							2,
							79.33,
							-73.47,
							0.42725,
							4,
							-29.7,
							-21.96,
							0.39675,
							5,
							52.65,
							-73.56,
							0.176,
							3,
							2,
							2.58,
							-52.61,
							0.4153,
							4,
							46.14,
							-45.92,
							0.4087,
							5,
							-24.1,
							-52.71,
							0.176,
							2,
							2,
							-19,
							-91.78,
							0.20284,
							4,
							69.29,
							-7.66,
							0.79716,
							3,
							2,
							13.57,
							-76.6,
							0.39721,
							4,
							36.13,
							-21.5,
							0.42679,
							5,
							-13.11,
							-76.7,
							0.176,
							3,
							2,
							40.37,
							-63.68,
							0.37927,
							4,
							8.83,
							-33.32,
							0.44473,
							5,
							13.68,
							-63.78,
							0.176,
							3,
							2,
							59.96,
							-53.58,
							0.66272,
							4,
							-11.16,
							-42.62,
							0.20928,
							5,
							33.28,
							-53.67,
							0.128
						],
						"hull": 11,
						"edges": [
							2,
							4,
							4,
							6,
							6,
							8,
							8,
							10,
							14,
							16,
							16,
							18,
							18,
							20,
							2,
							0,
							0,
							20,
							10,
							12,
							12,
							14
						],
						"width": 84,
						"height": 176
					}
				}
			}
		}
	],
	"animations": {
		"idle_flight": {
			"bones": {
				"wing3": {
					"rotate": [
						{
							"curve": "stepped"
						},
						{
							"time": 1.6667,
							"curve": "stepped"
						},
						{
							"time": 6.6667
						}
					],
					"translate": [
						{
							"x": -4.19,
							"y": -2.84,
							"curve": 0.375,
							"c2": 0.5,
							"c3": 0.75
						},
						{
							"time": 1.6667,
							"x": -8.37,
							"curve": 0.25,
							"c3": 0.75
						},
						{
							"time": 5,
							"x": 9.17,
							"y": -6.8,
							"curve": 0.25,
							"c3": 0.625,
							"c4": 0.5
						},
						{
							"time": 6.6667,
							"x": -4.19,
							"y": -2.84
						}
					],
					"scale": [
						{
							"x": 1.001,
							"y": 1.006,
							"curve": 0.375,
							"c2": 0.5,
							"c3": 0.75
						},
						{
							"time": 1.6667,
							"x": 1.019,
							"y": 1.037,
							"curve": 0.25,
							"c3": 0.75
						},
						{
							"time": 5,
							"x": 1.011,
							"y": 1.011,
							"curve": 0.25,
							"c3": 0.625,
							"c4": 0.5
						},
						{
							"time": 6.6667,
							"x": 1.001,
							"y": 1.006
						}
					]
				},
				"wing": {
					"translate": [
						{
							"time": 3.3333,
							"curve": 0.263,
							"c2": 0.01,
							"c3": 0.623,
							"c4": 0.51
						},
						{
							"time": 5,
							"x": 0.01,
							"y": 8.9,
							"curve": 0.375,
							"c2": 0.5,
							"c3": 0.75
						},
						{
							"time": 6.6667
						}
					]
				},
				"wing4": {
					"translate": [
						{
							"curve": 0.25,
							"c3": 0.75
						},
						{
							"time": 1.6667,
							"x": -0.01,
							"y": -7.35,
							"curve": 0.25,
							"c3": 0.75
						},
						{
							"time": 3.3333
						}
					]
				},
				"wing2": {
					"rotate": [
						{
							"angle": -2.3
						},
						{
							"time": 1.6667,
							"angle": -0.91
						},
						{
							"time": 5,
							"angle": -1.69
						},
						{
							"time": 6.6667,
							"angle": -2.3
						}
					],
					"translate": [
						{
							"x": -4.19,
							"y": -2.84,
							"curve": 0.375,
							"c2": 0.5,
							"c3": 0.75
						},
						{
							"time": 1.6667,
							"x": 0.67,
							"y": -3.09,
							"curve": 0.25,
							"c3": 0.75
						},
						{
							"time": 5,
							"x": -8.37,
							"curve": 0.25,
							"c3": 0.625,
							"c4": 0.5
						},
						{
							"time": 6.6667,
							"x": -4.19,
							"y": -2.84
						}
					],
					"scale": [
						{
							"x": 1.001,
							"y": 1.006,
							"curve": 0.375,
							"c2": 0.5,
							"c3": 0.75
						},
						{
							"time": 1.6667,
							"x": 0.966,
							"y": 1.011,
							"curve": 0.25,
							"c3": 0.75
						},
						{
							"time": 5,
							"x": 1.019,
							"y": 1.037,
							"curve": 0.25,
							"c3": 0.75
						},
						{
							"time": 6.6667,
							"x": 1.001,
							"y": 1.006
						}
					]
				},
				"engine": {
					"rotate": [
						{
							"curve": 0.375,
							"c2": 0.5,
							"c3": 0.75
						},
						{
							"time": 0.1667,
							"angle": -1.2,
							"curve": 0.25,
							"c3": 0.75
						},
						{
							"time": 0.5,
							"angle": 1.2,
							"curve": 0.25,
							"c3": 0.75
						},
						{
							"time": 0.8333,
							"angle": -1.2,
							"curve": 0.25,
							"c3": 0.75
						},
						{
							"time": 1.1667,
							"angle": 1.2,
							"curve": 0.25,
							"c3": 0.75
						},
						{
							"time": 1.5,
							"angle": -1.2,
							"curve": 0.25,
							"c3": 0.75
						},
						{
							"time": 1.8333,
							"angle": 1.2,
							"curve": 0.25,
							"c3": 0.75
						},
						{
							"time": 2.1667,
							"angle": -1.2,
							"curve": 0.25,
							"c3": 0.75
						},
						{
							"time": 2.5,
							"angle": 1.2,
							"curve": 0.25,
							"c3": 0.75
						},
						{
							"time": 2.8333,
							"angle": -1.2,
							"curve": 0.25,
							"c3": 0.75
						},
						{
							"time": 3.1667,
							"angle": 1.2,
							"curve": 0.25,
							"c3": 0.75
						},
						{
							"time": 3.5,
							"angle": -1.2,
							"curve": 0.25,
							"c3": 0.75
						},
						{
							"time": 3.8333,
							"angle": 1.2,
							"curve": 0.25,
							"c3": 0.75
						},
						{
							"time": 4.1667,
							"angle": -1.2,
							"curve": 0.25,
							"c3": 0.75
						},
						{
							"time": 4.5,
							"angle": 1.2,
							"curve": 0.25,
							"c3": 0.75
						},
						{
							"time": 4.8333,
							"angle": -1.2,
							"curve": 0.25,
							"c3": 0.75
						},
						{
							"time": 5.1667,
							"angle": 1.2,
							"curve": 0.25,
							"c3": 0.75
						},
						{
							"time": 5.5,
							"angle": -1.2,
							"curve": 0.25,
							"c3": 0.75
						},
						{
							"time": 5.8333,
							"angle": 1.2,
							"curve": 0.25,
							"c3": 0.75
						},
						{
							"time": 6.1667,
							"angle": -1.2,
							"curve": 0.25,
							"c3": 0.75
						},
						{
							"time": 6.5,
							"angle": 1.2,
							"curve": 0.25,
							"c3": 0.75
						},
						{
							"time": 6.6667
						}
					]
				},
				"engine2": {
					"translate": [
						{},
						{
							"time": 1.6667,
							"y": 2.32,
							"curve": 0.378,
							"c2": 0.51,
							"c3": 0.762,
							"c4": 0.99
						},
						{
							"time": 3.3333,
							"curve": 0.263,
							"c2": 0.01,
							"c3": 0.623,
							"c4": 0.51
						},
						{
							"time": 5,
							"y": 3.62,
							"curve": 0.375,
							"c2": 0.5,
							"c3": 0.75
						},
						{
							"time": 6.6667
						}
					],
					"scale": [
						{},
						{
							"time": 0.0667,
							"x": 1.143
						},
						{
							"time": 0.1667
						},
						{
							"time": 0.2333,
							"x": 1.143
						},
						{
							"time": 0.3333
						},
						{
							"time": 0.4,
							"x": 1.143
						},
						{
							"time": 0.5
						},
						{
							"time": 0.5667,
							"x": 1.143
						},
						{
							"time": 0.6667
						},
						{
							"time": 0.7333,
							"x": 1.143
						},
						{
							"time": 0.8333
						},
						{
							"time": 0.9,
							"x": 1.143
						},
						{
							"time": 1
						},
						{
							"time": 1.0667,
							"x": 1.143
						},
						{
							"time": 1.1667
						},
						{
							"time": 1.2333,
							"x": 1.143
						},
						{
							"time": 1.3333
						},
						{
							"time": 1.4,
							"x": 1.143
						},
						{
							"time": 1.5
						},
						{
							"time": 1.5667,
							"x": 1.143
						},
						{
							"time": 1.6667
						},
						{
							"time": 1.7333,
							"x": 1.143
						},
						{
							"time": 1.8333
						},
						{
							"time": 1.9,
							"x": 1.143
						},
						{
							"time": 2
						},
						{
							"time": 2.0667,
							"x": 1.143
						},
						{
							"time": 2.1667
						},
						{
							"time": 2.2333,
							"x": 1.143
						},
						{
							"time": 2.3333
						},
						{
							"time": 2.4,
							"x": 1.143
						},
						{
							"time": 2.5
						},
						{
							"time": 2.5667,
							"x": 1.143
						},
						{
							"time": 2.6667
						},
						{
							"time": 2.7333,
							"x": 1.143
						},
						{
							"time": 2.8333
						},
						{
							"time": 2.9,
							"x": 1.143
						},
						{
							"time": 3
						},
						{
							"time": 3.0667,
							"x": 1.143
						},
						{
							"time": 3.1667
						},
						{
							"time": 3.2333,
							"x": 1.143
						},
						{
							"time": 3.3333
						},
						{
							"time": 3.4,
							"x": 1.143
						},
						{
							"time": 3.5
						},
						{
							"time": 3.5667,
							"x": 1.143
						},
						{
							"time": 3.6667
						},
						{
							"time": 3.7333,
							"x": 1.143
						},
						{
							"time": 3.8333
						},
						{
							"time": 3.9,
							"x": 1.143
						},
						{
							"time": 4
						},
						{
							"time": 4.0667,
							"x": 1.143
						},
						{
							"time": 4.1667
						},
						{
							"time": 4.2333,
							"x": 1.143
						},
						{
							"time": 4.3333
						},
						{
							"time": 4.4,
							"x": 1.143
						},
						{
							"time": 4.5
						},
						{
							"time": 4.5667,
							"x": 1.143
						},
						{
							"time": 4.6667
						},
						{
							"time": 4.7333,
							"x": 1.143
						},
						{
							"time": 4.8333
						},
						{
							"time": 4.9,
							"x": 1.143
						},
						{
							"time": 5
						},
						{
							"time": 5.0667,
							"x": 1.143
						},
						{
							"time": 5.1667
						},
						{
							"time": 5.2333,
							"x": 1.143
						},
						{
							"time": 5.3333
						},
						{
							"time": 5.4,
							"x": 1.143
						},
						{
							"time": 5.5
						},
						{
							"time": 5.5667,
							"x": 1.143
						},
						{
							"time": 5.6667
						},
						{
							"time": 5.7333,
							"x": 1.143
						},
						{
							"time": 5.8333
						},
						{
							"time": 5.9,
							"x": 1.143
						},
						{
							"time": 6
						},
						{
							"time": 6.0667,
							"x": 1.143
						},
						{
							"time": 6.1667
						},
						{
							"time": 6.2333,
							"x": 1.143
						},
						{
							"time": 6.3333
						},
						{
							"time": 6.4,
							"x": 1.143
						},
						{
							"time": 6.5
						},
						{
							"time": 6.5667,
							"x": 1.143
						},
						{
							"time": 6.6667
						}
					]
				},
				"engine3": {
					"translate": [
						{
							"curve": 0.277,
							"c2": 0.01,
							"c3": 0.623,
							"c4": 0.51
						},
						{
							"time": 1.6667,
							"y": -2.73,
							"curve": 0.378,
							"c2": 0.51,
							"c3": 0.762,
							"c4": 0.99
						},
						{
							"time": 3.3333,
							"curve": 0.263,
							"c2": 0.01,
							"c3": 0.623,
							"c4": 0.51
						},
						{
							"time": 5,
							"y": 3.05,
							"curve": 0.375,
							"c2": 0.5,
							"c3": 0.75
						},
						{
							"time": 6.6667
						}
					],
					"scale": [
						{},
						{
							"time": 0.0667,
							"x": 1.143
						},
						{
							"time": 0.1667
						},
						{
							"time": 0.2333,
							"x": 1.143
						},
						{
							"time": 0.3333
						},
						{
							"time": 0.4,
							"x": 1.143
						},
						{
							"time": 0.5
						},
						{
							"time": 0.5667,
							"x": 1.143
						},
						{
							"time": 0.6667
						},
						{
							"time": 0.7333,
							"x": 1.143
						},
						{
							"time": 0.8333
						},
						{
							"time": 0.9,
							"x": 1.143
						},
						{
							"time": 1
						},
						{
							"time": 1.0667,
							"x": 1.143
						},
						{
							"time": 1.1667
						},
						{
							"time": 1.2333,
							"x": 1.143
						},
						{
							"time": 1.3333
						},
						{
							"time": 1.4,
							"x": 1.143
						},
						{
							"time": 1.5
						},
						{
							"time": 1.5667,
							"x": 1.143
						},
						{
							"time": 1.6667
						},
						{
							"time": 1.7333,
							"x": 1.143
						},
						{
							"time": 1.8333
						},
						{
							"time": 1.9,
							"x": 1.143
						},
						{
							"time": 2
						},
						{
							"time": 2.0667,
							"x": 1.143
						},
						{
							"time": 2.1667
						},
						{
							"time": 2.2333,
							"x": 1.143
						},
						{
							"time": 2.3333
						},
						{
							"time": 2.4,
							"x": 1.143
						},
						{
							"time": 2.5
						},
						{
							"time": 2.5667,
							"x": 1.143
						},
						{
							"time": 2.6667
						},
						{
							"time": 2.7333,
							"x": 1.143
						},
						{
							"time": 2.8333
						},
						{
							"time": 2.9,
							"x": 1.143
						},
						{
							"time": 3
						},
						{
							"time": 3.0667,
							"x": 1.143
						},
						{
							"time": 3.1667
						},
						{
							"time": 3.2333,
							"x": 1.143
						},
						{
							"time": 3.3333
						},
						{
							"time": 3.4,
							"x": 1.143
						},
						{
							"time": 3.5
						},
						{
							"time": 3.5667,
							"x": 1.143
						},
						{
							"time": 3.6667
						},
						{
							"time": 3.7333,
							"x": 1.143
						},
						{
							"time": 3.8333
						},
						{
							"time": 3.9,
							"x": 1.143
						},
						{
							"time": 4
						},
						{
							"time": 4.0667,
							"x": 1.143
						},
						{
							"time": 4.1667
						},
						{
							"time": 4.2333,
							"x": 1.143
						},
						{
							"time": 4.3333
						},
						{
							"time": 4.4,
							"x": 1.143
						},
						{
							"time": 4.5
						},
						{
							"time": 4.5667,
							"x": 1.143
						},
						{
							"time": 4.6667
						},
						{
							"time": 4.7333,
							"x": 1.143
						},
						{
							"time": 4.8333
						},
						{
							"time": 4.9,
							"x": 1.143
						},
						{
							"time": 5
						},
						{
							"time": 5.0667,
							"x": 1.143
						},
						{
							"time": 5.1667
						},
						{
							"time": 5.2333,
							"x": 1.143
						},
						{
							"time": 5.3333
						},
						{
							"time": 5.4,
							"x": 1.143
						},
						{
							"time": 5.5
						},
						{
							"time": 5.5667,
							"x": 1.143
						},
						{
							"time": 5.6667
						},
						{
							"time": 5.7333,
							"x": 1.143
						},
						{
							"time": 5.8333
						},
						{
							"time": 5.9,
							"x": 1.143
						},
						{
							"time": 6
						},
						{
							"time": 6.0667,
							"x": 1.143
						},
						{
							"time": 6.1667
						},
						{
							"time": 6.2333,
							"x": 1.143
						},
						{
							"time": 6.3333
						},
						{
							"time": 6.4,
							"x": 1.143
						},
						{
							"time": 6.5
						},
						{
							"time": 6.5667,
							"x": 1.143
						},
						{
							"time": 6.6667
						}
					]
				},
				"engine4": {
					"translate": [
						{
							"curve": 0.277,
							"c2": 0.01,
							"c3": 0.623,
							"c4": 0.51
						},
						{
							"time": 1.6667,
							"y": -1.64,
							"curve": 0.378,
							"c2": 0.51,
							"c3": 0.762,
							"c4": 0.99
						},
						{
							"time": 3.3333,
							"curve": 0.263,
							"c2": 0.01,
							"c3": 0.623,
							"c4": 0.51
						},
						{
							"time": 5,
							"y": 0.65,
							"curve": 0.375,
							"c2": 0.5,
							"c3": 0.75
						},
						{
							"time": 6.6667
						}
					],
					"scale": [
						{},
						{
							"time": 0.0667,
							"x": 1.143
						},
						{
							"time": 0.1667
						},
						{
							"time": 0.2333,
							"x": 1.143
						},
						{
							"time": 0.3333
						},
						{
							"time": 0.4,
							"x": 1.143
						},
						{
							"time": 0.5
						},
						{
							"time": 0.5667,
							"x": 1.143
						},
						{
							"time": 0.6667
						},
						{
							"time": 0.7333,
							"x": 1.143
						},
						{
							"time": 0.8333
						},
						{
							"time": 0.9,
							"x": 1.143
						},
						{
							"time": 1
						},
						{
							"time": 1.0667,
							"x": 1.143
						},
						{
							"time": 1.1667
						},
						{
							"time": 1.2333,
							"x": 1.143
						},
						{
							"time": 1.3333
						},
						{
							"time": 1.4,
							"x": 1.143
						},
						{
							"time": 1.5
						},
						{
							"time": 1.5667,
							"x": 1.143
						},
						{
							"time": 1.6667
						},
						{
							"time": 1.7333,
							"x": 1.143
						},
						{
							"time": 1.8333
						},
						{
							"time": 1.9,
							"x": 1.143
						},
						{
							"time": 2
						},
						{
							"time": 2.0667,
							"x": 1.143
						},
						{
							"time": 2.1667
						},
						{
							"time": 2.2333,
							"x": 1.143
						},
						{
							"time": 2.3333
						},
						{
							"time": 2.4,
							"x": 1.143
						},
						{
							"time": 2.5
						},
						{
							"time": 2.5667,
							"x": 1.143
						},
						{
							"time": 2.6667
						},
						{
							"time": 2.7333,
							"x": 1.143
						},
						{
							"time": 2.8333
						},
						{
							"time": 2.9,
							"x": 1.143
						},
						{
							"time": 3
						},
						{
							"time": 3.0667,
							"x": 1.143
						},
						{
							"time": 3.1667
						},
						{
							"time": 3.2333,
							"x": 1.143
						},
						{
							"time": 3.3333
						},
						{
							"time": 3.4,
							"x": 1.143
						},
						{
							"time": 3.5
						},
						{
							"time": 3.5667,
							"x": 1.143
						},
						{
							"time": 3.6667
						},
						{
							"time": 3.7333,
							"x": 1.143
						},
						{
							"time": 3.8333
						},
						{
							"time": 3.9,
							"x": 1.143
						},
						{
							"time": 4
						},
						{
							"time": 4.0667,
							"x": 1.143
						},
						{
							"time": 4.1667
						},
						{
							"time": 4.2333,
							"x": 1.143
						},
						{
							"time": 4.3333
						},
						{
							"time": 4.4,
							"x": 1.143
						},
						{
							"time": 4.5
						},
						{
							"time": 4.5667,
							"x": 1.143
						},
						{
							"time": 4.6667
						},
						{
							"time": 4.7333,
							"x": 1.143
						},
						{
							"time": 4.8333
						},
						{
							"time": 4.9,
							"x": 1.143
						},
						{
							"time": 5
						},
						{
							"time": 5.0667,
							"x": 1.143
						},
						{
							"time": 5.1667
						},
						{
							"time": 5.2333,
							"x": 1.143
						},
						{
							"time": 5.3333
						},
						{
							"time": 5.4,
							"x": 1.143
						},
						{
							"time": 5.5
						},
						{
							"time": 5.5667,
							"x": 1.143
						},
						{
							"time": 5.6667
						},
						{
							"time": 5.7333,
							"x": 1.143
						},
						{
							"time": 5.8333
						},
						{
							"time": 5.9,
							"x": 1.143
						},
						{
							"time": 6
						},
						{
							"time": 6.0667,
							"x": 1.143
						},
						{
							"time": 6.1667
						},
						{
							"time": 6.2333,
							"x": 1.143
						},
						{
							"time": 6.3333
						},
						{
							"time": 6.4,
							"x": 1.143
						},
						{
							"time": 6.5
						},
						{
							"time": 6.5667,
							"x": 1.143
						},
						{
							"time": 6.6667
						}
					]
				},
				"ship3": {
					"translate": [
						{
							"curve": 0.375,
							"c2": 0.5,
							"c3": 0.75
						},
						{
							"time": 1.6667,
							"x": -0.01,
							"y": -8,
							"curve": 0.25,
							"c3": 0.75
						},
						{
							"time": 5,
							"x": 0.01,
							"y": 8,
							"curve": 0.25,
							"c3": 0.625,
							"c4": 0.5
						},
						{
							"time": 6.6667
						}
					]
				},
				"engine5": {
					"translate": [
						{},
						{
							"time": 1.6667,
							"y": -4
						},
						{
							"time": 3.3333
						},
						{
							"time": 5,
							"y": 4
						},
						{
							"time": 6.6667
						}
					]
				}
			}
		}
	}
}