{
	"skeleton": {
		"hash": "trBWUqichXd0mv2efrMGGXxtfnk",
		"spine": "4.0.14",
		"x": -50.2,
		"y": -0.63,
		"width": 123,
		"height": 258,
		"images": "./images/"
	},
	"bones": [
		{
			"name": "root"
		},
		{
			"name": "pelvis",
			"parent": "root",
			"x": -3.86,
			"y": 85.31
		},
		{
			"name": "body",
			"parent": "pelvis",
			"length": 67.42,
			"rotation": 88.48,
			"y": 1.49
		},
		{
			"name": "hand_right_shoulder",
			"parent": "body",
			"length": 29.34,
			"rotation": 164.48,
			"x": 66.02,
			"y": -25.77,
			"transform": "noScale"
		},
		{
			"name": "hand_right_arm",
			"parent": "hand_right_shoulder",
			"length": 29.08,
			"rotation": -33.33,
			"x": 31.58,
			"y": 0.69
		},
		{
			"name": "hand_right_palm",
			"parent": "hand_right_arm",
			"length": 17.67,
			"rotation": 0.17,
			"x": 29.08
		},
		{
			"name": "hand_left_shoulder",
			"parent": "body",
			"length": 31.9,
			"rotation": -178.89,
			"x": 63.44,
			"y": 20.55,
			"transform": "noScale"
		},
		{
			"name": "hand_left_arm",
			"parent": "hand_left_shoulder",
			"length": 25.59,
			"rotation": -2.13,
			"x": 31.9
		},
		{
			"name": "hand_left_palm",
			"parent": "hand_left_arm",
			"length": 15.16,
			"rotation": 0.82,
			"x": 25.59
		},
		{
			"name": "bag",
			"parent": "body",
			"length": 59.55,
			"rotation": -170.13,
			"x": 67.84,
			"y": -22.5,
			"transform": "noScaleOrReflection"
		},
		{
			"name": "neck",
			"parent": "body",
			"length": 19.22,
			"rotation": 91.91,
			"x": 68.2,
			"y": 0.25,
			"transform": "onlyTranslation"
		},
		{
			"name": "head",
			"parent": "neck",
			"length": 22.41,
			"rotation": 90,
			"x": 19.22,
			"transform": "noRotationOrReflection"
		},
		{
			"name": "eye_right",
			"parent": "head",
			"x": 30.23,
			"y": -6.01
		},
		{
			"name": "eye_left",
			"parent": "head",
			"x": 30.08,
			"y": 20.84
		},
		{
			"name": "leg_right_top",
			"parent": "pelvis",
			"length": 29.76,
			"rotation": -90.97,
			"x": 16.28,
			"y": -6.89
		},
		{
			"name": "leg_right_low",
			"parent": "leg_right_top",
			"length": 38.85,
			"rotation": 2.46,
			"x": 29.76
		},
		{
			"name": "leg_left_top",
			"parent": "pelvis",
			"length": 29.76,
			"rotation": -90.97,
			"x": -4.62,
			"y": -6.89
		},
		{
			"name": "leg_left_low",
			"parent": "leg_left_top",
			"length": 38.85,
			"rotation": 2.46,
			"x": 29.76
		},
		{
			"name": "IK_left_leg",
			"parent": "root",
			"x": -7.96,
			"y": 9.76,
			"color": "ff3f00ff"
		},
		{
			"name": "IK_leg_right",
			"parent": "root",
			"x": 12.86,
			"y": 9.82,
			"color": "ff3f00ff"
		},
		{
			"name": "ball",
			"parent": "root",
			"x": -25.4,
			"y": 50.43
		},
		{
			"name": "pelvis2",
			"parent": "pelvis",
			"length": 14.22,
			"rotation": -89.23,
			"x": -5.38,
			"y": -4.58,
			"transform": "noRotationOrReflection"
		},
		{
			"name": "leg_left_low2",
			"parent": "leg_left_low",
			"length": 14.35,
			"rotation": -172.3,
			"x": 39.21,
			"y": -3.98,
			"transform": "noRotationOrReflection"
		},
		{
			"name": "leg_right_low2",
			"parent": "leg_right_low",
			"length": 11.25,
			"rotation": -172.15,
			"x": 39.94,
			"y": -3.67,
			"transform": "noRotationOrReflection"
		}
	],
	"slots": [
		{
			"name": "ball",
			"bone": "ball",
			"attachment": "ball"
		},
		{
			"name": "hand_left_low",
			"bone": "hand_left_arm",
			"attachment": "hand_left_low"
		},
		{
			"name": "hand_left_top",
			"bone": "hand_left_shoulder",
			"attachment": "hand_left_top"
		},
		{
			"name": "hand_left_palm",
			"bone": "hand_left_palm",
			"attachment": "hand_left_palm2"
		},
		{
			"name": "Leg_left_low",
			"bone": "leg_left_low",
			"attachment": "Leg_left_low"
		},
		{
			"name": "leg_left_foot",
			"bone": "leg_left_low2",
			"attachment": "leg_left_foot"
		},
		{
			"name": "leg_left_top",
			"bone": "leg_left_top",
			"attachment": "leg_left_top"
		},
		{
			"name": "body_2",
			"bone": "pelvis",
			"attachment": "body_2"
		},
		{
			"name": "leg_right_low",
			"bone": "leg_right_low",
			"attachment": "leg_right_low"
		},
		{
			"name": "leg_right_foot",
			"bone": "leg_right_low2",
			"attachment": "leg_right_foot"
		},
		{
			"name": "leg_right_top",
			"bone": "leg_right_top",
			"attachment": "leg_right_top"
		},
		{
			"name": "laces",
			"bone": "pelvis2",
			"attachment": "laces"
		},
		{
			"name": "body_1",
			"bone": "body",
			"attachment": "body_1"
		},
		{
			"name": "neck",
			"bone": "neck",
			"attachment": "neck"
		},
		{
			"name": "bag",
			"bone": "bag",
			"attachment": "bag"
		},
		{
			"name": "hand_right_top",
			"bone": "hand_right_shoulder",
			"attachment": "hand_right_top"
		},
		{
			"name": "hand_right_low",
			"bone": "hand_right_arm",
			"attachment": "hand_right_low"
		},
		{
			"name": "hand_right_palm",
			"bone": "hand_right_palm",
			"attachment": "hand_right_palm"
		},
		{
			"name": "head",
			"bone": "head",
			"attachment": "head"
		},
		{
			"name": "mouth",
			"bone": "head",
			"attachment": "mouth"
		},
		{
			"name": "eyes_back",
			"bone": "head",
			"attachment": "eyes_back"
		},
		{
			"name": "pupil_right",
			"bone": "eye_right",
			"attachment": "pupil_right"
		},
		{
			"name": "eyelid_right_low",
			"bone": "head",
			"attachment": "eyelid_right_low"
		},
		{
			"name": "eyelid_right_top",
			"bone": "head",
			"attachment": "eyelid_right_top"
		},
		{
			"name": "eye-brow_right",
			"bone": "head",
			"attachment": "eye-brow_right"
		},
		{
			"name": "pupil_left",
			"bone": "eye_left",
			"attachment": "pupil_left"
		},
		{
			"name": "eyelid_left_low",
			"bone": "head",
			"attachment": "eyelid_left_low"
		},
		{
			"name": "eyelid_left_top",
			"bone": "head",
			"attachment": "eyelid_left_top"
		},
		{
			"name": "eyebrow_left",
			"bone": "head",
			"attachment": "eyebrow_left"
		}
	],
	"ik": [
		{
			"name": "IK_left_leg",
			"bones": [
				"leg_left_top",
				"leg_left_low"
			],
			"target": "IK_left_leg"
		},
		{
			"name": "IK_leg_right",
			"order": 1,
			"bones": [
				"leg_right_top",
				"leg_right_low"
			],
			"target": "IK_leg_right"
		}
	],
	"skins": [
		{
			"name": "default",
			"attachments": {
				"Leg_left_low": {
					"Leg_left_low": {
						"x": 13.28,
						"y": -0.55,
						"rotation": 89.56,
						"width": 21,
						"height": 52
					}
				},
				"bag": {
					"bag": {
						"x": 38.47,
						"y": 2.81,
						"rotation": 81.65,
						"width": 88,
						"height": 90
					}
				},
				"ball": {
					"ball": {
						"x": 0.7,
						"y": 0.44,
						"width": 51,
						"height": 51
					}
				},
				"body_1": {
					"body_1": {
						"x": 35.68,
						"y": -3.71,
						"rotation": -88.48,
						"width": 52,
						"height": 82
					}
				},
				"body_2": {
					"body_2": {
						"x": 3.66,
						"y": 2.56,
						"width": 44,
						"height": 25
					}
				},
				"eye-brow_right": {
					"eye-brow_right": {
						"x": 42.68,
						"y": -6.24,
						"rotation": -90,
						"width": 25,
						"height": 11
					}
				},
				"eyebrow_left": {
					"eyebrow_left": {
						"x": 42.18,
						"y": 20.76,
						"rotation": -90,
						"width": 21,
						"height": 10
					}
				},
				"eyelid_left_low": {
					"eyelid_left_low": {
						"x": 26.18,
						"y": 18.76,
						"rotation": -90,
						"width": 17,
						"height": 8
					}
				},
				"eyelid_left_top": {
					"eyelid_left_top": {
						"x": 33.68,
						"y": 19.26,
						"rotation": -90,
						"width": 18,
						"height": 13
					}
				},
				"eyelid_right_low": {
					"eyelid_right_low": {
						"x": 25.68,
						"y": -8.24,
						"rotation": -90,
						"width": 21,
						"height": 9
					}
				},
				"eyelid_right_top": {
					"eyelid_right_top": {
						"x": 33.68,
						"y": -7.24,
						"rotation": -90,
						"width": 21,
						"height": 13
					}
				},
				"eyes_back": {
					"eyes_back": {
						"x": 30.68,
						"y": 4.76,
						"rotation": -90,
						"width": 45,
						"height": 17
					}
				},
				"hand_left_low": {
					"hand_left_low": {
						"x": 11,
						"y": 0.23,
						"rotation": 92.53,
						"width": 18,
						"height": 37
					}
				},
				"hand_left_palm": {
					"hand_left_palm1": {
						"x": 9,
						"y": -1.86,
						"rotation": 91.71,
						"width": 20,
						"height": 28
					},
					"hand_left_palm2": {
						"x": 3.92,
						"y": -10.01,
						"rotation": 91.71,
						"width": 32,
						"height": 17
					}
				},
				"hand_left_top": {
					"hand_left_top": {
						"x": 13.89,
						"y": 0.62,
						"rotation": 90.41,
						"width": 18,
						"height": 43
					}
				},
				"hand_right_low": {
					"hand_right_low": {
						"x": 15.94,
						"y": 0.04,
						"rotation": 140.37,
						"width": 36,
						"height": 31
					}
				},
				"hand_right_palm": {
					"hand_right_palm": {
						"x": 12.73,
						"y": 0.65,
						"rotation": 140.19,
						"width": 29,
						"height": 27
					}
				},
				"hand_right_top": {
					"hand_right_top": {
						"x": 16.81,
						"y": 0.6,
						"rotation": 107.04,
						"width": 27,
						"height": 47
					}
				},
				"head": {
					"head": {
						"x": 34.68,
						"y": -3.74,
						"rotation": -90,
						"width": 72,
						"height": 97
					}
				},
				"laces": {
					"laces": {
						"x": 8.39,
						"y": 2.54,
						"rotation": 89.23,
						"width": 18,
						"height": 30
					}
				},
				"leg_left_foot": {
					"leg_left_foot": {
						"x": 3.01,
						"y": -5.91,
						"rotation": 172.3,
						"width": 47,
						"height": 31
					}
				},
				"leg_left_top": {
					"leg_left_top": {
						"x": 8.55,
						"y": -0.78,
						"rotation": 89.56,
						"width": 28,
						"height": 49
					}
				},
				"leg_right_foot": {
					"leg_right_foot": {
						"x": 3.03,
						"y": -6.7,
						"rotation": 172.15,
						"width": 47,
						"height": 31
					}
				},
				"leg_right_low": {
					"leg_right_low": {
						"x": 13.29,
						"y": 0.02,
						"rotation": 88.71,
						"width": 21,
						"height": 52
					}
				},
				"leg_right_top": {
					"leg_right_top": {
						"x": 8.56,
						"y": -0.49,
						"rotation": 90.84,
						"width": 28,
						"height": 49
					}
				},
				"mouth": {
					"mouth": {
						"x": 2.53,
						"y": 6.69,
						"rotation": -90,
						"width": 29,
						"height": 14
					},
					"mouth_smile": {
						"x": 2.8,
						"y": 6.76,
						"rotation": -90,
						"width": 29,
						"height": 17
					}
				},
				"neck": {
					"neck": {
						"x": 16.34,
						"y": -1.64,
						"rotation": -91.91,
						"width": 20,
						"height": 36
					}
				},
				"pupil_left": {
					"pupil_left": {
						"x": 0.1,
						"y": -0.08,
						"rotation": -90,
						"width": 10,
						"height": 12
					}
				},
				"pupil_right": {
					"pupil_right": {
						"x": 0.45,
						"y": -0.11,
						"rotation": -90,
						"width": 11,
						"height": 13
					}
				}
			}
		}
	],
	"events": {
		"bazzinga": {}
	},
	"animations": {
		"animation": {
			"bones": {
				"pelvis": {
					"translate": [
						{
							"x": -3.7,
							"y": -1.9
						},
						{
							"time": 0.1667,
							"x": -12.65,
							"y": 3.22
						},
						{
							"time": 0.3333,
							"x": -3.7,
							"y": -1.9
						},
						{
							"time": 0.5,
							"x": -12.65,
							"y": 3.22
						},
						{
							"time": 0.6667,
							"x": -3.7,
							"y": -1.9
						}
					]
				},
				"IK_leg_right": {
					"translate": [
						{
							"x": 18.5
						},
						{
							"time": 0.1667,
							"x": 15.59,
							"y": 18.56
						},
						{
							"time": 0.3333,
							"x": -28.94
						},
						{
							"time": 0.6667,
							"x": 18.5
						}
					]
				},
				"IK_left_leg": {
					"translate": [
						{
							"x": -28.94
						},
						{
							"time": 0.3333,
							"x": 18.5
						},
						{
							"time": 0.5,
							"x": 15.59,
							"y": 18.56
						},
						{
							"time": 0.6667,
							"x": -28.94
						}
					]
				},
				"body": {
					"rotate": [
						{
							"angle": 7.29
						},
						{
							"time": 0.1,
							"angle": 9.74
						},
						{
							"time": 0.2333,
							"angle": 6.09
						},
						{
							"time": 0.3333,
							"angle": 7.29
						},
						{
							"time": 0.4333,
							"angle": 9.74
						},
						{
							"time": 0.5667,
							"angle": 4.86
						},
						{
							"time": 0.6667,
							"angle": 7.29
						}
					],
					"translate": [
						{},
						{
							"time": 0.1,
							"y": -0.23
						},
						{
							"time": 0.2333,
							"y": 1.02
						},
						{
							"time": 0.3333
						},
						{
							"time": 0.4333,
							"y": -0.23
						},
						{
							"time": 0.5667,
							"y": 1.02
						},
						{
							"time": 0.6667
						}
					],
					"scale": [
						{},
						{
							"time": 0.1667,
							"y": 0.963
						},
						{
							"time": 0.3333
						},
						{
							"time": 0.5,
							"x": 1.003,
							"y": 1.037
						},
						{
							"time": 0.6667
						}
					]
				},
				"neck": {
					"rotate": [
						{
							"angle": 2.7
						},
						{
							"time": 0.0333,
							"angle": 1.81
						},
						{
							"time": 0.1333,
							"angle": 0.44
						},
						{
							"time": 0.2667,
							"angle": 4.48
						},
						{
							"time": 0.3667,
							"angle": 1.81
						},
						{
							"time": 0.4667,
							"angle": 0.44
						},
						{
							"time": 0.6,
							"angle": 4.48
						},
						{
							"time": 0.6667,
							"angle": 2.7
						}
					],
					"translate": [
						{
							"x": 0.04
						},
						{
							"time": 0.0333
						},
						{
							"time": 0.2,
							"x": 0.2,
							"y": -0.02
						},
						{
							"time": 0.3667
						},
						{
							"time": 0.5333,
							"x": 0.2,
							"y": -0.02
						},
						{
							"time": 0.6667,
							"x": 0.04
						}
					]
				},
				"hand_right_palm": {
					"rotate": [
						{
							"angle": 41.42,
							"curve": "stepped"
						},
						{
							"time": 0.1,
							"angle": 41.42
						},
						{
							"time": 0.1667,
							"angle": 35.76,
							"curve": "stepped"
						},
						{
							"time": 0.4333,
							"angle": 35.76
						},
						{
							"time": 0.5,
							"angle": 48.39
						},
						{
							"time": 0.6667,
							"angle": 41.42
						}
					]
				},
				"hand_right_shoulder": {
					"rotate": [
						{
							"angle": 0.29
						},
						{
							"time": 0.1,
							"angle": -1.96
						},
						{
							"time": 0.3333,
							"angle": 9.88
						},
						{
							"time": 0.4333,
							"angle": 14.04
						},
						{
							"time": 0.6667,
							"angle": 0.29
						}
					],
					"translate": [
						{
							"x": -2.46,
							"y": 0.9
						},
						{
							"time": 0.1,
							"x": -2.78,
							"y": 0.95
						},
						{
							"time": 0.3333,
							"x": -2.46,
							"y": 0.9
						},
						{
							"time": 0.4333,
							"x": -2.78,
							"y": 0.95
						},
						{
							"time": 0.6667,
							"x": -2.46,
							"y": 0.9
						}
					]
				},
				"hand_right_arm": {
					"rotate": [
						{
							"angle": -35.88
						},
						{
							"time": 0.1,
							"angle": -40.24,
							"curve": "stepped"
						},
						{
							"time": 0.3333,
							"angle": -40.24
						},
						{
							"time": 0.4333,
							"angle": -35.22
						},
						{
							"time": 0.6667,
							"angle": -35.88
						}
					]
				},
				"bag": {
					"rotate": [
						{
							"angle": -7.84
						},
						{
							"time": 0.1,
							"angle": -12.44
						},
						{
							"time": 0.3333,
							"angle": 1.99
						},
						{
							"time": 0.4333,
							"angle": 3.27
						},
						{
							"time": 0.6667,
							"angle": -7.84
						}
					],
					"translate": [
						{
							"x": -2.46,
							"y": 0.9
						},
						{
							"time": 0.1,
							"x": -2.78,
							"y": 0.95
						},
						{
							"time": 0.3333,
							"x": -2.46,
							"y": 0.9
						},
						{
							"time": 0.4333,
							"x": -2.78,
							"y": 0.95
						},
						{
							"time": 0.6667,
							"x": -2.46,
							"y": 0.9
						}
					],
					"shear": [
						{},
						{
							"time": 0.3333,
							"x": -1.63
						},
						{
							"time": 0.6667
						}
					]
				},
				"hand_left_shoulder": {
					"rotate": [
						{
							"angle": -21.26
						},
						{
							"time": 0.1667,
							"angle": 5.54
						},
						{
							"time": 0.3333,
							"angle": 6.44
						},
						{
							"time": 0.4333,
							"angle": -4.2
						},
						{
							"time": 0.5667,
							"angle": -39.6
						},
						{
							"time": 0.6667,
							"angle": -21.26
						}
					],
					"translate": [
						{
							"x": -0.87,
							"y": -0.42
						},
						{
							"time": 0.3333,
							"x": -0.15,
							"y": -1.5
						},
						{
							"time": 0.4333,
							"x": -6.34,
							"y": -1.4
						},
						{
							"time": 0.5667,
							"x": -2.65,
							"y": 0.24
						},
						{
							"time": 0.6667,
							"x": -0.87,
							"y": -0.42
						}
					]
				},
				"hand_left_arm": {
					"rotate": [
						{
							"angle": -44.04
						},
						{
							"time": 0.1667,
							"angle": -69.27
						},
						{
							"time": 0.3333,
							"angle": -55.73
						},
						{
							"time": 0.4333,
							"angle": -21.9
						},
						{
							"time": 0.5667,
							"angle": 8.3
						},
						{
							"time": 0.6667,
							"angle": -44.04
						}
					]
				},
				"hand_left_palm": {
					"rotate": [
						{
							"angle": 48.73
						},
						{
							"time": 0.1,
							"angle": 20.75
						},
						{
							"time": 0.1667,
							"angle": 18.58
						},
						{
							"time": 0.2333,
							"angle": 24.38
						},
						{
							"time": 0.3333,
							"angle": 19.56
						},
						{
							"time": 0.4333,
							"angle": 8.75
						},
						{
							"time": 0.5,
							"angle": 45.24
						},
						{
							"time": 0.5667,
							"angle": 55.97
						},
						{
							"time": 0.6667,
							"angle": 48.73
						}
					]
				},
				"head": {
					"rotate": [
						{
							"angle": 1.81
						},
						{
							"time": 0.1,
							"angle": 0.44
						},
						{
							"time": 0.2333,
							"angle": 4.48
						},
						{
							"time": 0.3333,
							"angle": 1.81
						},
						{
							"time": 0.4333,
							"angle": 0.44
						},
						{
							"time": 0.5667,
							"angle": 4.48
						},
						{
							"time": 0.6667,
							"angle": 1.81
						}
					],
					"translate": [
						{},
						{
							"time": 0.1667,
							"x": -0.01,
							"y": 0.48
						},
						{
							"time": 0.3333
						},
						{
							"time": 0.5,
							"x": -0.01,
							"y": 0.48
						},
						{
							"time": 0.6667
						}
					]
				},
				"leg_left_low2": {
					"rotate": [
						{
							"angle": -28.51
						},
						{
							"time": 0.1667,
							"curve": "stepped"
						},
						{
							"time": 0.3333
						},
						{
							"time": 0.5,
							"angle": 51.39
						},
						{
							"time": 0.6667,
							"angle": -28.51
						}
					],
					"shear": [
						{},
						{
							"time": 0.1667,
							"y": -0.26
						},
						{
							"time": 0.3333,
							"y": 11.69
						},
						{
							"time": 0.5,
							"y": -0.13
						},
						{
							"time": 0.6667
						}
					]
				},
				"leg_right_low2": {
					"rotate": [
						{},
						{
							"time": 0.1667,
							"angle": 51.39
						},
						{
							"time": 0.3333,
							"angle": -28.51
						},
						{
							"time": 0.5
						}
					],
					"shear": [
						{
							"y": 13.73
						},
						{
							"time": 0.1667,
							"y": -4.43
						},
						{
							"time": 0.2333,
							"y": 9.62
						},
						{
							"time": 0.3333
						},
						{
							"time": 0.4,
							"y": 0.53
						},
						{
							"time": 0.5,
							"y": -0.26
						},
						{
							"time": 0.6667,
							"y": 13.73
						}
					]
				},
				"pelvis2": {
					"rotate": [
						{
							"angle": 3.45
						},
						{
							"time": 0.3333,
							"angle": -6.87
						},
						{
							"time": 0.6667,
							"angle": 3.45
						}
					],
					"shear": [
						{
							"x": 2.43
						},
						{
							"time": 0.3333,
							"x": -8.21
						},
						{
							"time": 0.6667,
							"x": 2.43
						}
					]
				},
				"ball": {
					"rotate": [
						{
							"angle": 12.53
						},
						{
							"time": 0.1667,
							"angle": 21
						},
						{
							"time": 0.3333,
							"angle": 19.92
						},
						{
							"time": 0.4333,
							"angle": 8.94
						},
						{
							"time": 0.5,
							"angle": -6.55
						},
						{
							"time": 0.5667,
							"angle": 6.33
						},
						{
							"time": 0.6333,
							"angle": 4.87
						},
						{
							"time": 0.6667,
							"angle": 12.53
						}
					],
					"translate": [
						{
							"x": -59.01,
							"y": 22.13
						},
						{
							"time": 0.1667,
							"x": -48.14,
							"y": 38.43
						},
						{
							"time": 0.3333,
							"x": -35.46,
							"y": 24.72
						},
						{
							"time": 0.4333,
							"x": -29.9,
							"y": 8.27
						},
						{
							"time": 0.4667,
							"x": -39.44,
							"y": 4.42
						},
						{
							"time": 0.5,
							"x": -48.98,
							"y": -16.12
						},
						{
							"time": 0.5667,
							"x": -56.41,
							"y": -23.65
						},
						{
							"time": 0.6667,
							"x": -59.01,
							"y": 22.13
						}
					],
					"scale": [
						{
							"time": 0.3333
						},
						{
							"time": 0.4333,
							"x": 1.02,
							"y": 0.98
						},
						{
							"time": 0.5,
							"x": 0.96,
							"y": 1.04
						},
						{
							"time": 0.5667,
							"x": 1.06,
							"y": 0.94
						},
						{
							"time": 0.6333,
							"x": 0.98,
							"y": 1.02
						},
						{
							"time": 0.6667
						}
					],
					"shear": [
						{
							"x": 9.47
						},
						{
							"time": 0.0667,
							"x": 0.65
						},
						{
							"time": 0.5
						},
						{
							"time": 0.5667,
							"x": -5.5,
							"y": -6.28
						},
						{
							"time": 0.6,
							"y": 2.38
						},
						{
							"time": 0.6333
						},
						{
							"time": 0.6667,
							"x": 9.47
						}
					]
				},
				"eye_right": {
					"translate": [
						{},
						{
							"time": 0.1,
							"x": -0.27
						},
						{
							"time": 0.2333,
							"x": 0.46,
							"y": -0.02
						},
						{
							"time": 0.3333
						},
						{
							"time": 0.4333,
							"x": -0.27
						},
						{
							"time": 0.5667,
							"x": 0.46,
							"y": -0.02
						},
						{
							"time": 0.6667
						}
					]
				},
				"eye_left": {
					"translate": [
						{},
						{
							"time": 0.1,
							"x": -0.27
						},
						{
							"time": 0.2333,
							"x": 0.46,
							"y": -0.02
						},
						{
							"time": 0.3333
						},
						{
							"time": 0.4333,
							"x": -0.27
						},
						{
							"time": 0.5667,
							"x": 0.46,
							"y": -0.02
						},
						{
							"time": 0.6667
						}
					]
				},
				"leg_left_top": {
					"translate": [
						{
							"y": -2.93
						},
						{
							"time": 0.1667,
							"curve": "stepped"
						},
						{
							"time": 0.5
						},
						{
							"time": 0.6667,
							"y": -2.93
						}
					]
				}
			},
			"events": [
				{
					"time": 0.5667,
					"name": "bazzinga"
				}
			]
		}
	}
}